baseline_name,filename_actual,folder,mean_AUC_ROC,difficulty,data_len,ratio,type_an,filepath
S1-ADL4.test.csv@52.out,S1-ADL4.test.csv@52.out,OPPORTUNITY,0.7079999673333334,Easy,32955,0.030344409,sequence,C:\Users\gkost\thesis_timeseries\TSB-UAD\data\TSB-UAD-Public\OPPORTUNITY\S1-ADL4.test.csv@52.out
S1-ADL5.test.csv@18.out,S1-ADL5.test.csv@18.out,OPPORTUNITY,0.6422649024166668,Medium,30127,0.040428851,sequence,C:\Users\gkost\thesis_timeseries\TSB-UAD\data\TSB-UAD-Public\OPPORTUNITY\S1-ADL5.test.csv@18.out
S4-ADL5.test.csv@108.out,S4-ADL5.test.csv@108.out,OPPORTUNITY,0.6900164755833332,Medium,30527,0.030497592,sequence,C:\Users\gkost\thesis_timeseries\TSB-UAD\data\TSB-UAD-Public\OPPORTUNITY\S4-ADL5.test.csv@108.out
S2-ADL5.test.csv@78.out,S2-ADL5.test.csv@78.out,OPPORTUNITY,0.6419265555,Medium,31826,0.036385345,sequence,C:\Users\gkost\thesis_timeseries\TSB-UAD\data\TSB-UAD-Public\OPPORTUNITY\S2-ADL5.test.csv@78.out
S3-ADL1.test.csv@38.out,S3-ADL1.test.csv@38.out,OPPORTUNITY,0.6988302652499999,Medium,37223,0.068344841,sequence,C:\Users\gkost\thesis_timeseries\TSB-UAD\data\TSB-UAD-Public\OPPORTUNITY\S3-ADL1.test.csv@38.out
S2-ADL4.test.csv@38.out,S2-ADL4.test.csv@38.out,OPPORTUNITY,0.6953646418333334,Medium,32748,0.0225968,sequence,C:\Users\gkost\thesis_timeseries\TSB-UAD\data\TSB-UAD-Public\OPPORTUNITY\S2-ADL4.test.csv@38.out
S2-ADL2.test.csv@77.out,S2-ADL2.test.csv@77.out,OPPORTUNITY,0.6675953084166668,Medium,30182,0.027234776,sequence,C:\Users\gkost\thesis_timeseries\TSB-UAD\data\TSB-UAD-Public\OPPORTUNITY\S2-ADL2.test.csv@77.out
S3-ADL1.test.csv@61.out,S3-ADL1.test.csv@61.out,OPPORTUNITY,0.6448131733333332,Medium,37223,0.068344841,sequence,C:\Users\gkost\thesis_timeseries\TSB-UAD\data\TSB-UAD-Public\OPPORTUNITY\S3-ADL1.test.csv@61.out
S3-ADL2.test.csv@54.out,S3-ADL2.test.csv@54.out,OPPORTUNITY,0.445579414,Hard,27825,0.050997305,sequence,C:\Users\gkost\thesis_timeseries\TSB-UAD\data\TSB-UAD-Public\OPPORTUNITY\S3-ADL2.test.csv@54.out
S3-ADL4.test.csv@80.out,S3-ADL4.test.csv@80.out,OPPORTUNITY,0.4801525046666666,Hard,27681,0.078031863,sequence,C:\Users\gkost\thesis_timeseries\TSB-UAD\data\TSB-UAD-Public\OPPORTUNITY\S3-ADL4.test.csv@80.out
S1-ADL2.test.csv@68.out,S1-ADL2.test.csv@68.out,OPPORTUNITY,0.4565824794166666,Hard,32224,0.043290715,sequence,C:\Users\gkost\thesis_timeseries\TSB-UAD\data\TSB-UAD-Public\OPPORTUNITY\S1-ADL2.test.csv@68.out
S2-ADL5.test.csv@91.out,S2-ADL5.test.csv@91.out,OPPORTUNITY,0.44689907625,Hard,31826,0.036385345,sequence,C:\Users\gkost\thesis_timeseries\TSB-UAD\data\TSB-UAD-Public\OPPORTUNITY\S2-ADL5.test.csv@91.out
S1-ADL4.test.csv@42.out,S1-ADL4.test.csv@42.out,OPPORTUNITY,0.4790384993333332,Hard,32955,0.030344409,sequence,C:\Users\gkost\thesis_timeseries\TSB-UAD\data\TSB-UAD-Public\OPPORTUNITY\S1-ADL4.test.csv@42.out
S1-ADL1.test.csv@42.out,S1-ADL1.test.csv@42.out,OPPORTUNITY,0.4885107784166667,Hard,51116,0.022067454,sequence,C:\Users\gkost\thesis_timeseries\TSB-UAD\data\TSB-UAD-Public\OPPORTUNITY\S1-ADL1.test.csv@42.out
S1-ADL2.test.csv@81.out,S1-ADL2.test.csv@81.out,OPPORTUNITY,0.4436647823333333,Hard,32224,0.043290715,sequence,C:\Users\gkost\thesis_timeseries\TSB-UAD\data\TSB-UAD-Public\OPPORTUNITY\S1-ADL2.test.csv@81.out
S1-ADL5.test.csv@132.out,S1-ADL5.test.csv@132.out,OPPORTUNITY,0.4662087966666667,Hard,30127,0.040428851,sequence,C:\Users\gkost\thesis_timeseries\TSB-UAD\data\TSB-UAD-Public\OPPORTUNITY\S1-ADL5.test.csv@132.out
S2-ADL4.test.csv@68.out,S2-ADL4.test.csv@68.out,OPPORTUNITY,0.4619236903333333,Hard,32748,0.0225968,sequence,C:\Users\gkost\thesis_timeseries\TSB-UAD\data\TSB-UAD-Public\OPPORTUNITY\S2-ADL4.test.csv@68.out
S1-ADL5.test.csv@127.out,S1-ADL5.test.csv@127.out,OPPORTUNITY,0.47010324575,Hard,30127,0.040428851,sequence,C:\Users\gkost\thesis_timeseries\TSB-UAD\data\TSB-UAD-Public\OPPORTUNITY\S1-ADL5.test.csv@127.out
S2-ADL3.test.csv@79.out,S2-ADL3.test.csv@79.out,OPPORTUNITY,0.4486001074166665,Hard,34232,0.026670951,sequence,C:\Users\gkost\thesis_timeseries\TSB-UAD\data\TSB-UAD-Public\OPPORTUNITY\S2-ADL3.test.csv@79.out
S1-ADL5.test.csv@90.out,S1-ADL5.test.csv@90.out,OPPORTUNITY,0.5750192496666666,Hard,30127,0.040428851,sequence,C:\Users\gkost\thesis_timeseries\TSB-UAD\data\TSB-UAD-Public\OPPORTUNITY\S1-ADL5.test.csv@90.out
S1-ADL2.test.csv@108.out,S1-ADL2.test.csv@108.out,OPPORTUNITY,0.5823693401666666,Hard,32224,0.043290715,sequence,C:\Users\gkost\thesis_timeseries\TSB-UAD\data\TSB-UAD-Public\OPPORTUNITY\S1-ADL2.test.csv@108.out
S2-ADL5.test.csv@80.out,S2-ADL5.test.csv@80.out,OPPORTUNITY,0.4850270995,Hard,31826,0.036385345,sequence,C:\Users\gkost\thesis_timeseries\TSB-UAD\data\TSB-UAD-Public\OPPORTUNITY\S2-ADL5.test.csv@80.out
S3-ADL5.test.csv@103.out,S3-ADL5.test.csv@103.out,OPPORTUNITY,0.6109216495833333,Hard,26495,0.056576713,sequence,C:\Users\gkost\thesis_timeseries\TSB-UAD\data\TSB-UAD-Public\OPPORTUNITY\S3-ADL5.test.csv@103.out
YahooA4Benchmark-TS36_data.out,YahooA4Benchmark-TS36_data.out,YAHOO,0.7517227563333333,Easy,1680,0.008928571,point,C:\Users\gkost\thesis_timeseries\TSB-UAD\data\TSB-UAD-Public\YAHOO\YahooA4Benchmark-TS36_data.out
YahooA3Benchmark-TS24_data.out,YahooA3Benchmark-TS24_data.out,YAHOO,0.8267068123333333,Easy,1680,0.004761905,point,C:\Users\gkost\thesis_timeseries\TSB-UAD\data\TSB-UAD-Public\YAHOO\YahooA3Benchmark-TS24_data.out
YahooA4Benchmark-TS33_data.out,YahooA4Benchmark-TS33_data.out,YAHOO,0.7648756218333332,Easy,1680,0.002380952,point,C:\Users\gkost\thesis_timeseries\TSB-UAD\data\TSB-UAD-Public\YAHOO\YahooA4Benchmark-TS33_data.out
YahooA4Benchmark-TS79_data.out,YahooA4Benchmark-TS79_data.out,YAHOO,0.71033048275,Easy,1680,0.001785714,point,C:\Users\gkost\thesis_timeseries\TSB-UAD\data\TSB-UAD-Public\YAHOO\YahooA4Benchmark-TS79_data.out
YahooA3Benchmark-TS56_data.out,YahooA3Benchmark-TS56_data.out,YAHOO,0.7954906634166666,Easy,1680,0.000595238,point,C:\Users\gkost\thesis_timeseries\TSB-UAD\data\TSB-UAD-Public\YAHOO\YahooA3Benchmark-TS56_data.out
YahooA3Benchmark-TS71_data.out,YahooA3Benchmark-TS71_data.out,YAHOO,0.7068895319999999,Easy,1680,0.00952381,point,C:\Users\gkost\thesis_timeseries\TSB-UAD\data\TSB-UAD-Public\YAHOO\YahooA3Benchmark-TS71_data.out
Yahoo_A1real_1_data.out,Yahoo_A1real_1_data.out,YAHOO,0.8011497294166667,Easy,1420,0.001408451,point,C:\Users\gkost\thesis_timeseries\TSB-UAD\data\TSB-UAD-Public\YAHOO\Yahoo_A1real_1_data.out
YahooA3Benchmark-TS8_data.out,YahooA3Benchmark-TS8_data.out,YAHOO,0.7746455224999999,Easy,1680,0.002380952,point,C:\Users\gkost\thesis_timeseries\TSB-UAD\data\TSB-UAD-Public\YAHOO\YahooA3Benchmark-TS8_data.out
YahooA3Benchmark-TS51_data.out,YahooA3Benchmark-TS51_data.out,YAHOO,0.7448210051666667,Easy,1680,0.007738095,point,C:\Users\gkost\thesis_timeseries\TSB-UAD\data\TSB-UAD-Public\YAHOO\YahooA3Benchmark-TS51_data.out
YahooA4Benchmark-TS7_data.out,YahooA4Benchmark-TS7_data.out,YAHOO,0.7448913199166668,Easy,1680,0.008333333,point,C:\Users\gkost\thesis_timeseries\TSB-UAD\data\TSB-UAD-Public\YAHOO\YahooA4Benchmark-TS7_data.out
Yahoo_A2synthetic_91_data.out,Yahoo_A2synthetic_91_data.out,YAHOO,0.7905705626666667,Easy,1421,0.002814919,sequence,C:\Users\gkost\thesis_timeseries\TSB-UAD\data\TSB-UAD-Public\YAHOO\Yahoo_A2synthetic_91_data.out
Yahoo_A1real_37_data.out,Yahoo_A1real_37_data.out,YAHOO,0.8500346886666666,Easy,1434,0.023709902,sequence,C:\Users\gkost\thesis_timeseries\TSB-UAD\data\TSB-UAD-Public\YAHOO\Yahoo_A1real_37_data.out
Yahoo_A1real_11_data.out,Yahoo_A1real_11_data.out,YAHOO,0.7878076975833334,Easy,1439,0.013203614,sequence,C:\Users\gkost\thesis_timeseries\TSB-UAD\data\TSB-UAD-Public\YAHOO\Yahoo_A1real_11_data.out
YahooA3Benchmark-TS89_data.out,YahooA3Benchmark-TS89_data.out,YAHOO,0.7891373515833334,Easy,1680,0.008333333,mixed,C:\Users\gkost\thesis_timeseries\TSB-UAD\data\TSB-UAD-Public\YAHOO\YahooA3Benchmark-TS89_data.out
Yahoo_A1real_23_data.out,Yahoo_A1real_23_data.out,YAHOO,0.7913596491666667,Easy,1420,0.013380282,mixed,C:\Users\gkost\thesis_timeseries\TSB-UAD\data\TSB-UAD-Public\YAHOO\Yahoo_A1real_23_data.out
YahooA4Benchmark-TS18_data.out,YahooA4Benchmark-TS18_data.out,YAHOO,0.7039133890000001,Medium,1680,0.000595238,point,C:\Users\gkost\thesis_timeseries\TSB-UAD\data\TSB-UAD-Public\YAHOO\YahooA4Benchmark-TS18_data.out
Yahoo_A2synthetic_85_data.out,Yahoo_A2synthetic_85_data.out,YAHOO,0.6283765890833334,Medium,1421,0.002814919,sequence,C:\Users\gkost\thesis_timeseries\TSB-UAD\data\TSB-UAD-Public\YAHOO\Yahoo_A2synthetic_85_data.out
YahooA4Benchmark-TS99_data.out,YahooA4Benchmark-TS99_data.out,YAHOO,0.6817498495833333,Medium,1680,0.00952381,mixed,C:\Users\gkost\thesis_timeseries\TSB-UAD\data\TSB-UAD-Public\YAHOO\YahooA4Benchmark-TS99_data.out
Yahoo_A2synthetic_4_data.out,Yahoo_A2synthetic_4_data.out,YAHOO,0.5800965159166668,Hard,1421,0.002814919,sequence,C:\Users\gkost\thesis_timeseries\TSB-UAD\data\TSB-UAD-Public\YAHOO\Yahoo_A2synthetic_4_data.out
Yahoo_A2synthetic_66_data.out,Yahoo_A2synthetic_66_data.out,YAHOO,0.5791930937499999,Hard,1421,0.00070373,point,C:\Users\gkost\thesis_timeseries\TSB-UAD\data\TSB-UAD-Public\YAHOO\Yahoo_A2synthetic_66_data.out
machine-2-8.test.csv@34.out,machine-2-8.test.csv@34.out,SMD,0.8416591118333332,Easy,23703,0.006792389,sequence,C:\Users\gkost\thesis_timeseries\TSB-UAD\data\TSB-UAD-Public\SMD\machine-2-8.test.csv@34.out
machine-2-8.test.csv@13.out,machine-2-8.test.csv@13.out,SMD,0.7506130333333333,Easy,23703,0.006792389,sequence,C:\Users\gkost\thesis_timeseries\TSB-UAD\data\TSB-UAD-Public\SMD\machine-2-8.test.csv@13.out
machine-2-8.test.csv@21.out,machine-2-8.test.csv@21.out,SMD,0.8420197663333333,Easy,23703,0.006792389,sequence,C:\Users\gkost\thesis_timeseries\TSB-UAD\data\TSB-UAD-Public\SMD\machine-2-8.test.csv@21.out
machine-3-11.test.csv@36.out,machine-3-11.test.csv@36.out,SMD,0.8121650439166666,Easy,28696,0.006899916,sequence,C:\Users\gkost\thesis_timeseries\TSB-UAD\data\TSB-UAD-Public\SMD\machine-3-11.test.csv@36.out
machine-3-11.test.csv@7.out,machine-3-11.test.csv@7.out,SMD,0.786455636,Easy,28696,0.006899916,sequence,C:\Users\gkost\thesis_timeseries\TSB-UAD\data\TSB-UAD-Public\SMD\machine-3-11.test.csv@7.out
machine-2-3.test.csv@14.out,machine-2-3.test.csv@14.out,SMD,0.6253863801666667,Medium,23689,0.011355481,sequence,C:\Users\gkost\thesis_timeseries\TSB-UAD\data\TSB-UAD-Public\SMD\machine-2-3.test.csv@14.out
machine-2-6.test.csv@15.out,machine-2-6.test.csv@15.out,SMD,0.6243387376666666,Medium,28743,0.014751418,sequence,C:\Users\gkost\thesis_timeseries\TSB-UAD\data\TSB-UAD-Public\SMD\machine-2-6.test.csv@15.out
machine-3-10.test.csv@1.out,machine-3-10.test.csv@1.out,SMD,0.7006495230833334,Medium,23693,0.044190267,sequence,C:\Users\gkost\thesis_timeseries\TSB-UAD\data\TSB-UAD-Public\SMD\machine-3-10.test.csv@1.out
machine-2-6.test.csv@31.out,machine-2-6.test.csv@31.out,SMD,0.6754437598333333,Medium,28743,0.014751418,sequence,C:\Users\gkost\thesis_timeseries\TSB-UAD\data\TSB-UAD-Public\SMD\machine-2-6.test.csv@31.out
machine-1-6.test.csv@9.out,machine-1-6.test.csv@9.out,SMD,0.6399350564166667,Medium,23689,0.156528346,sequence,C:\Users\gkost\thesis_timeseries\TSB-UAD\data\TSB-UAD-Public\SMD\machine-1-6.test.csv@9.out
machine-1-2.test.csv@12.out,machine-1-2.test.csv@12.out,SMD,0.7032760095,Medium,23694,0.022874989,sequence,C:\Users\gkost\thesis_timeseries\TSB-UAD\data\TSB-UAD-Public\SMD\machine-1-2.test.csv@12.out
machine-3-10.test.csv@14.out,machine-3-10.test.csv@14.out,SMD,0.6685067750833333,Medium,23693,0.044190267,sequence,C:\Users\gkost\thesis_timeseries\TSB-UAD\data\TSB-UAD-Public\SMD\machine-3-10.test.csv@14.out
machine-1-5.test.csv@26.out,machine-1-5.test.csv@26.out,SMD,0.6869197204166668,Medium,23706,0.004218341,sequence,C:\Users\gkost\thesis_timeseries\TSB-UAD\data\TSB-UAD-Public\SMD\machine-1-5.test.csv@26.out
machine-2-7.test.csv@22.out,machine-2-7.test.csv@22.out,SMD,0.6583666007500001,Medium,23696,0.017597907,sequence,C:\Users\gkost\thesis_timeseries\TSB-UAD\data\TSB-UAD-Public\SMD\machine-2-7.test.csv@22.out
machine-3-8.test.csv@16.out,machine-3-8.test.csv@16.out,SMD,0.6089073502500001,Hard,28704,0.047763378,sequence,C:\Users\gkost\thesis_timeseries\TSB-UAD\data\TSB-UAD-Public\SMD\machine-3-8.test.csv@16.out
machine-1-1.test.csv@20.out,machine-1-1.test.csv@20.out,SMD,0.58087601525,Hard,28479,0.094596018,sequence,C:\Users\gkost\thesis_timeseries\TSB-UAD\data\TSB-UAD-Public\SMD\machine-1-1.test.csv@20.out
machine-1-8.test.csv@11.out,machine-1-8.test.csv@11.out,SMD,0.5974332531666666,Hard,23699,0.032195451,sequence,C:\Users\gkost\thesis_timeseries\TSB-UAD\data\TSB-UAD-Public\SMD\machine-1-8.test.csv@11.out
116_UCR_Anomaly_CIMIS44AirTemperature4_4000_5549_5597.out,116_UCR_Anomaly_CIMIS44AirTemperature4_4000_5549_5597.out,KDD21,0.7932865745833332,Easy,8184,0.005865103,sequence,C:\Users\gkost\thesis_timeseries\TSB-UAD\data\TSB-UAD-Public\KDD21\116_UCR_Anomaly_CIMIS44AirTemperature4_4000_5549_5597.out
163_UCR_Anomaly_apneaecg2_10000_20950_21100.out,163_UCR_Anomaly_apneaecg2_10000_20950_21100.out,KDD21,0.7567505649999999,Easy,38501,0.003896003,sequence,C:\Users\gkost\thesis_timeseries\TSB-UAD\data\TSB-UAD-Public\KDD21\163_UCR_Anomaly_apneaecg2_10000_20950_21100.out
031_UCR_Anomaly_DISTORTEDInternalBleeding20_2700_5759_5919.out,031_UCR_Anomaly_DISTORTEDInternalBleeding20_2700_5759_5919.out,KDD21,0.7527060765,Easy,7500,0.021333333,sequence,C:\Users\gkost\thesis_timeseries\TSB-UAD\data\TSB-UAD-Public\KDD21\031_UCR_Anomaly_DISTORTEDInternalBleeding20_2700_5759_5919.out
050_UCR_Anomaly_DISTORTEDTkeepForthMARS_3500_5988_6085.out,050_UCR_Anomaly_DISTORTEDTkeepForthMARS_3500_5988_6085.out,KDD21,0.7084136877499999,Easy,11308,0.008577998,sequence,C:\Users\gkost\thesis_timeseries\TSB-UAD\data\TSB-UAD-Public\KDD21\050_UCR_Anomaly_DISTORTEDTkeepForthMARS_3500_5988_6085.out
099_UCR_Anomaly_NOISEInternalBleeding6_1500_3474_3629.out,099_UCR_Anomaly_NOISEInternalBleeding6_1500_3474_3629.out,KDD21,0.7825861090833333,Easy,7654,0.020250849,sequence,C:\Users\gkost\thesis_timeseries\TSB-UAD\data\TSB-UAD-Public\KDD21\099_UCR_Anomaly_NOISEInternalBleeding6_1500_3474_3629.out
115_UCR_Anomaly_CIMIS44AirTemperature3_4000_6520_6544.out,115_UCR_Anomaly_CIMIS44AirTemperature3_4000_6520_6544.out,KDD21,0.7415147809166668,Easy,8184,0.002932551,sequence,C:\Users\gkost\thesis_timeseries\TSB-UAD\data\TSB-UAD-Public\KDD21\115_UCR_Anomaly_CIMIS44AirTemperature3_4000_6520_6544.out
233_UCR_Anomaly_mit14157longtermecg_18913_24500_24501.out,233_UCR_Anomaly_mit14157longtermecg_18913_24500_24501.out,KDD21,0.9917550265833333,Easy,92710,1.08e-05,point,C:\Users\gkost\thesis_timeseries\TSB-UAD\data\TSB-UAD-Public\KDD21\233_UCR_Anomaly_mit14157longtermecg_18913_24500_24501.out
073_UCR_Anomaly_DISTORTEDpark3m_60000_72150_72495.out,073_UCR_Anomaly_DISTORTEDpark3m_60000_72150_72495.out,KDD21,0.6329929682500001,Medium,90000,0.003833333,sequence,C:\Users\gkost\thesis_timeseries\TSB-UAD\data\TSB-UAD-Public\KDD21\073_UCR_Anomaly_DISTORTEDpark3m_60000_72150_72495.out
181_UCR_Anomaly_park3m_60000_72150_72495.out,181_UCR_Anomaly_park3m_60000_72150_72495.out,KDD21,0.6862255500833333,Medium,90000,0.003833333,sequence,C:\Users\gkost\thesis_timeseries\TSB-UAD\data\TSB-UAD-Public\KDD21\181_UCR_Anomaly_park3m_60000_72150_72495.out
010_UCR_Anomaly_DISTORTEDCIMIS44AirTemperature6_4000_6006_6054.out,010_UCR_Anomaly_DISTORTEDCIMIS44AirTemperature6_4000_6006_6054.out,KDD21,0.6785728462499999,Medium,8184,0.005865103,sequence,C:\Users\gkost\thesis_timeseries\TSB-UAD\data\TSB-UAD-Public\KDD21\010_UCR_Anomaly_DISTORTEDCIMIS44AirTemperature6_4000_6006_6054.out
005_UCR_Anomaly_DISTORTEDCIMIS44AirTemperature1_4000_5391_5392.out,005_UCR_Anomaly_DISTORTEDCIMIS44AirTemperature1_4000_5391_5392.out,KDD21,0.6365599281666666,Medium,8184,0.00012219,point,C:\Users\gkost\thesis_timeseries\TSB-UAD\data\TSB-UAD-Public\KDD21\005_UCR_Anomaly_DISTORTEDCIMIS44AirTemperature1_4000_5391_5392.out
042_UCR_Anomaly_DISTORTEDLab2Cmac011215EPG6_7000_12190_12420.out,042_UCR_Anomaly_DISTORTEDLab2Cmac011215EPG6_7000_12190_12420.out,KDD21,0.5493455501666666,Hard,29859,0.00770287,sequence,C:\Users\gkost\thesis_timeseries\TSB-UAD\data\TSB-UAD-Public\KDD21\042_UCR_Anomaly_DISTORTEDLab2Cmac011215EPG6_7000_12190_12420.out
137_UCR_Anomaly_InternalBleeding18_2300_4485_4587.out,137_UCR_Anomaly_InternalBleeding18_2300_4485_4587.out,KDD21,0.60938484375,Hard,7500,0.0136,sequence,C:\Users\gkost\thesis_timeseries\TSB-UAD\data\TSB-UAD-Public\KDD21\137_UCR_Anomaly_InternalBleeding18_2300_4485_4587.out
110_UCR_Anomaly_2sddb40_35000_56600_56900.out,110_UCR_Anomaly_2sddb40_35000_56600_56900.out,KDD21,0.4902627248333333,Hard,80001,0.003749953,sequence,C:\Users\gkost\thesis_timeseries\TSB-UAD\data\TSB-UAD-Public\KDD21\110_UCR_Anomaly_2sddb40_35000_56600_56900.out
212_UCR_Anomaly_Italianpowerdemand_8913_29480_29504.out,212_UCR_Anomaly_Italianpowerdemand_8913_29480_29504.out,KDD21,0.5046825540833334,Hard,29931,0.000801844,sequence,C:\Users\gkost\thesis_timeseries\TSB-UAD\data\TSB-UAD-Public\KDD21\212_UCR_Anomaly_Italianpowerdemand_8913_29480_29504.out
11_Lev_fault_Temp_corr_seed_41_vars_23.test.csv@4.out,11_Lev_fault_Temp_corr_seed_41_vars_23.test.csv@4.out,GHL,0.7230882248333333,Easy,200001,0.000719996,sequence,C:\Users\gkost\thesis_timeseries\TSB-UAD\data\TSB-UAD-Public\GHL\11_Lev_fault_Temp_corr_seed_41_vars_23.test.csv@4.out
20_Lev_fault_Temp_corr_seed_67_vars_23.test.csv@10.out,20_Lev_fault_Temp_corr_seed_67_vars_23.test.csv@10.out,GHL,0.7087499195000001,Easy,200001,0.000719996,sequence,C:\Users\gkost\thesis_timeseries\TSB-UAD\data\TSB-UAD-Public\GHL\20_Lev_fault_Temp_corr_seed_67_vars_23.test.csv@10.out
15_Lev_fault_Temp_corr_seed_49_vars_23.test.csv@8.out,15_Lev_fault_Temp_corr_seed_49_vars_23.test.csv@8.out,GHL,0.7237705158333333,Easy,200001,0.000719996,sequence,C:\Users\gkost\thesis_timeseries\TSB-UAD\data\TSB-UAD-Public\GHL\15_Lev_fault_Temp_corr_seed_49_vars_23.test.csv@8.out
22_Lev_fault_Temp_corr_seed_777_vars_23.test.csv@13.out,22_Lev_fault_Temp_corr_seed_777_vars_23.test.csv@13.out,GHL,0.7813642505000001,Easy,200001,0.000724996,sequence,C:\Users\gkost\thesis_timeseries\TSB-UAD\data\TSB-UAD-Public\GHL\22_Lev_fault_Temp_corr_seed_777_vars_23.test.csv@13.out
22_Lev_fault_Temp_corr_seed_777_vars_23.test.csv@16.out,22_Lev_fault_Temp_corr_seed_777_vars_23.test.csv@16.out,GHL,0.6415065505,Medium,200001,0.000724996,sequence,C:\Users\gkost\thesis_timeseries\TSB-UAD\data\TSB-UAD-Public\GHL\22_Lev_fault_Temp_corr_seed_777_vars_23.test.csv@16.out
10_Lev_fault_Temp_corr_seed_39_vars_23.test.csv@13.out,10_Lev_fault_Temp_corr_seed_39_vars_23.test.csv@13.out,GHL,0.6796677592499999,Medium,200001,0.000724996,sequence,C:\Users\gkost\thesis_timeseries\TSB-UAD\data\TSB-UAD-Public\GHL\10_Lev_fault_Temp_corr_seed_39_vars_23.test.csv@13.out
16_Lev_fault_Temp_corr_seed_53_vars_23.test.csv@8.out,16_Lev_fault_Temp_corr_seed_53_vars_23.test.csv@8.out,GHL,0.6903210299166668,Medium,200001,0.000719996,sequence,C:\Users\gkost\thesis_timeseries\TSB-UAD\data\TSB-UAD-Public\GHL\16_Lev_fault_Temp_corr_seed_53_vars_23.test.csv@8.out
37_Lev_corr_Temp_fault_seed_163_vars_23.test.csv@13.out,37_Lev_corr_Temp_fault_seed_163_vars_23.test.csv@13.out,GHL,0.7008549402500001,Medium,200001,0.005329973,sequence,C:\Users\gkost\thesis_timeseries\TSB-UAD\data\TSB-UAD-Public\GHL\37_Lev_corr_Temp_fault_seed_163_vars_23.test.csv@13.out
06_Lev_fault_Temp_corr_seed_29_vars_23.test.csv@4.out,06_Lev_fault_Temp_corr_seed_29_vars_23.test.csv@4.out,GHL,0.6983128939166666,Medium,200001,0.000719996,sequence,C:\Users\gkost\thesis_timeseries\TSB-UAD\data\TSB-UAD-Public\GHL\06_Lev_fault_Temp_corr_seed_29_vars_23.test.csv@4.out
12_Lev_fault_Temp_corr_seed_43_vars_23.test.csv@10.out,12_Lev_fault_Temp_corr_seed_43_vars_23.test.csv@10.out,GHL,0.70041532925,Medium,200001,0.000719996,sequence,C:\Users\gkost\thesis_timeseries\TSB-UAD\data\TSB-UAD-Public\GHL\12_Lev_fault_Temp_corr_seed_43_vars_23.test.csv@10.out
07_Lev_fault_Temp_corr_seed_31_vars_23.test.csv@2.out,07_Lev_fault_Temp_corr_seed_31_vars_23.test.csv@2.out,GHL,0.5410591025,Hard,200001,0.000719996,sequence,C:\Users\gkost\thesis_timeseries\TSB-UAD\data\TSB-UAD-Public\GHL\07_Lev_fault_Temp_corr_seed_31_vars_23.test.csv@2.out
12_Lev_fault_Temp_corr_seed_43_vars_23.test.csv@2.out,12_Lev_fault_Temp_corr_seed_43_vars_23.test.csv@2.out,GHL,0.5875495083333333,Hard,200001,0.000719996,sequence,C:\Users\gkost\thesis_timeseries\TSB-UAD\data\TSB-UAD-Public\GHL\12_Lev_fault_Temp_corr_seed_43_vars_23.test.csv@2.out
875.test.csv@1.out,875.test.csv@1.out,SVDB,0.7126256426666667,Easy,230400,0.06390191,sequence,C:\Users\gkost\thesis_timeseries\TSB-UAD\data\TSB-UAD-Public\SVDB\875.test.csv@1.out
858.test.csv@1.out,858.test.csv@1.out,SVDB,0.84298090275,Easy,230400,0.005256076,sequence,C:\Users\gkost\thesis_timeseries\TSB-UAD\data\TSB-UAD-Public\SVDB\858.test.csv@1.out
849.test.csv@1.out,849.test.csv@1.out,SVDB,0.7606819123333334,Easy,230400,0.038328993,sequence,C:\Users\gkost\thesis_timeseries\TSB-UAD\data\TSB-UAD-Public\SVDB\849.test.csv@1.out
825.test.csv@1.out,825.test.csv@1.out,SVDB,0.6783551631666667,Medium,230400,0.063576389,sequence,C:\Users\gkost\thesis_timeseries\TSB-UAD\data\TSB-UAD-Public\SVDB\825.test.csv@1.out
827.test.csv@1.out,827.test.csv@1.out,SVDB,0.6277757228333333,Medium,230400,0.011106771,sequence,C:\Users\gkost\thesis_timeseries\TSB-UAD\data\TSB-UAD-Public\SVDB\827.test.csv@1.out
859.test.csv@1.out,859.test.csv@1.out,SVDB,0.65744919925,Medium,230400,0.173997396,sequence,C:\Users\gkost\thesis_timeseries\TSB-UAD\data\TSB-UAD-Public\SVDB\859.test.csv@1.out
812.test.csv@2.out,812.test.csv@2.out,SVDB,0.68915030375,Medium,230400,0.063168403,sequence,C:\Users\gkost\thesis_timeseries\TSB-UAD\data\TSB-UAD-Public\SVDB\812.test.csv@2.out
842.test.csv@1.out,842.test.csv@1.out,SVDB,0.6673197709166666,Medium,230400,0.065425347,sequence,C:\Users\gkost\thesis_timeseries\TSB-UAD\data\TSB-UAD-Public\SVDB\842.test.csv@1.out
890.test.csv@2.out,890.test.csv@2.out,SVDB,0.6553323536666666,Medium,230400,0.090364583,sequence,C:\Users\gkost\thesis_timeseries\TSB-UAD\data\TSB-UAD-Public\SVDB\890.test.csv@2.out
893.test.csv@2.out,893.test.csv@2.out,SVDB,0.6191318936666667,Hard,230400,0.188016493,sequence,C:\Users\gkost\thesis_timeseries\TSB-UAD\data\TSB-UAD-Public\SVDB\893.test.csv@2.out
879.test.csv@1.out,879.test.csv@1.out,SVDB,0.547810975,Hard,230400,0.365060764,sequence,C:\Users\gkost\thesis_timeseries\TSB-UAD\data\TSB-UAD-Public\SVDB\879.test.csv@1.out
E-11.test.out,E-11.test.out,NASA-SMAP,0.7881994774166667,Easy,11394,8514.0,sequence,C:\Users\gkost\thesis_timeseries\TSB-UAD\data\TSB-UAD-Public\NASA-SMAP\E-11.test.out
D-5.test.out,D-5.test.out,NASA-SMAP,0.8966189454166668,Easy,10189,7628.0,sequence,C:\Users\gkost\thesis_timeseries\TSB-UAD\data\TSB-UAD-Public\NASA-SMAP\D-5.test.out
D-12.test.out,D-12.test.out,NASA-SMAP,0.7319177172727273,Easy,8230,7918.0,sequence,C:\Users\gkost\thesis_timeseries\TSB-UAD\data\TSB-UAD-Public\NASA-SMAP\D-12.test.out
E-2.test.out,E-2.test.out,NASA-SMAP,0.7166041796666667,Easy,11412,8532.0,sequence,C:\Users\gkost\thesis_timeseries\TSB-UAD\data\TSB-UAD-Public\NASA-SMAP\E-2.test.out
F-2.test.out,F-2.test.out,NASA-SMAP,0.6328317075833334,Medium,11487,8626.0,sequence,C:\Users\gkost\thesis_timeseries\TSB-UAD\data\TSB-UAD-Public\NASA-SMAP\F-2.test.out
E-9.test.out,E-9.test.out,NASA-SMAP,0.6394806244166665,Medium,11182,8302.0,sequence,C:\Users\gkost\thesis_timeseries\TSB-UAD\data\TSB-UAD-Public\NASA-SMAP\E-9.test.out
E-12.test.out,E-12.test.out,NASA-SMAP,0.4917078444166667,Hard,11392,8512.0,sequence,C:\Users\gkost\thesis_timeseries\TSB-UAD\data\TSB-UAD-Public\NASA-SMAP\E-12.test.out
G-1.test.out,G-1.test.out,NASA-SMAP,0.5357514090833333,Hard,11289,8469.0,sequence,C:\Users\gkost\thesis_timeseries\TSB-UAD\data\TSB-UAD-Public\NASA-SMAP\G-1.test.out
NAB_data_art1_5.out,NAB_data_art1_5.out,NAB,0.7227953169166668,Easy,4031,0.099727115,sequence,C:\Users\gkost\thesis_timeseries\TSB-UAD\data\TSB-UAD-Public\NAB\NAB_data_art1_5.out
NAB_data_Traffic_1.out,NAB_data_Traffic_1.out,NAB,0.6748613548333334,Medium,2499,0.098439376,sequence,C:\Users\gkost\thesis_timeseries\TSB-UAD\data\TSB-UAD-Public\NAB\NAB_data_Traffic_1.out
NAB_data_CloudWatch_5.out,NAB_data_CloudWatch_5.out,NAB,0.68473961175,Medium,4031,0.084842471,sequence,C:\Users\gkost\thesis_timeseries\TSB-UAD\data\TSB-UAD-Public\NAB\NAB_data_CloudWatch_5.out
NAB_data_CloudWatch_2.out,NAB_data_CloudWatch_2.out,NAB,0.6155758723333333,Hard,4031,0.09923096,sequence,C:\Users\gkost\thesis_timeseries\TSB-UAD\data\TSB-UAD-Public\NAB\NAB_data_CloudWatch_2.out
NAB_data_CloudWatch_4.out,NAB_data_CloudWatch_4.out,NAB,0.597831171,Hard,4031,0.099727115,sequence,C:\Users\gkost\thesis_timeseries\TSB-UAD\data\TSB-UAD-Public\NAB\NAB_data_CloudWatch_4.out
NAB_data_art1_1.out,NAB_data_art1_1.out,NAB,0.4903693243333333,Hard,4031,0.099727115,sequence,C:\Users\gkost\thesis_timeseries\TSB-UAD\data\TSB-UAD-Public\NAB\NAB_data_art1_1.out
NAB_data_KnownCause_4.out,NAB_data_KnownCause_4.out,NAB,0.5953391009166668,Hard,22694,0.099762052,sequence,C:\Users\gkost\thesis_timeseries\TSB-UAD\data\TSB-UAD-Public\NAB\NAB_data_KnownCause_4.out
NAB_data_Exchange_2.out,NAB_data_Exchange_2.out,NAB,0.5605365438333333,Hard,1623,0.098582871,sequence,C:\Users\gkost\thesis_timeseries\TSB-UAD\data\TSB-UAD-Public\NAB\NAB_data_Exchange_2.out
S09R01E0.test.csv@1.out,S09R01E0.test.csv@1.out,Daphnet,0.6384842860000001,Medium,9600,0.033645833,sequence,C:\Users\gkost\thesis_timeseries\TSB-UAD\data\TSB-UAD-Public\Daphnet\S09R01E0.test.csv@1.out
S03R03E4.test.csv@2.out,S03R03E4.test.csv@2.out,Daphnet,0.6273748275000001,Medium,9600,0.027916667,sequence,C:\Users\gkost\thesis_timeseries\TSB-UAD\data\TSB-UAD-Public\Daphnet\S03R03E4.test.csv@2.out
S03R02E0.test.csv@7.out,S03R02E0.test.csv@7.out,Daphnet,0.5879868733333333,Hard,16640,0.138581731,sequence,C:\Users\gkost\thesis_timeseries\TSB-UAD\data\TSB-UAD-Public\Daphnet\S03R02E0.test.csv@7.out
S01R02E0.test.csv@6.out,S01R02E0.test.csv@6.out,Daphnet,0.6163910471666667,Hard,28800,0.053715278,sequence,C:\Users\gkost\thesis_timeseries\TSB-UAD\data\TSB-UAD-Public\Daphnet\S01R02E0.test.csv@6.out
S09R01E0.test.csv@8.out,S09R01E0.test.csv@8.out,Daphnet,0.6027440760833334,Hard,9600,0.033645833,sequence,C:\Users\gkost\thesis_timeseries\TSB-UAD\data\TSB-UAD-Public\Daphnet\S09R01E0.test.csv@8.out
S09R01E0.test.csv@5.out,S09R01E0.test.csv@5.out,Daphnet,0.6191558016666666,Hard,9600,0.033645833,sequence,C:\Users\gkost\thesis_timeseries\TSB-UAD\data\TSB-UAD-Public\Daphnet\S09R01E0.test.csv@5.out
F-5.test.out,F-5.test.out,NASA-MSL,0.7343773605833334,Easy,6520,3922.0,sequence,C:\Users\gkost\thesis_timeseries\TSB-UAD\data\TSB-UAD-Public\NASA-MSL\F-5.test.out
D-14.test.out,D-14.test.out,NASA-MSL,0.8191980680000001,Easy,6300,2625.0,sequence,C:\Users\gkost\thesis_timeseries\TSB-UAD\data\TSB-UAD-Public\NASA-MSL\D-14.test.out
M-6.test.out,M-6.test.out,NASA-MSL,0.7619789858181818,Easy,3614,2049.0,sequence,C:\Users\gkost\thesis_timeseries\TSB-UAD\data\TSB-UAD-Public\NASA-MSL\M-6.test.out
S-2.test.out,S-2.test.out,NASA-MSL,0.6359105706363637,Medium,2753,1827.0,sequence,C:\Users\gkost\thesis_timeseries\TSB-UAD\data\TSB-UAD-Public\NASA-MSL\S-2.test.out
T-5.test.out,T-5.test.out,NASA-MSL,0.6184526335454545,Hard,4490,2218.0,sequence,C:\Users\gkost\thesis_timeseries\TSB-UAD\data\TSB-UAD-Public\NASA-MSL\T-5.test.out
8.test.out,8.test.out,MGAB,0.63918637725,Medium,100000,0.002,sequence,C:\Users\gkost\thesis_timeseries\TSB-UAD\data\TSB-UAD-Public\MGAB\8.test.out
3.test.out,3.test.out,MGAB,0.6845910739166667,Medium,100000,0.002,sequence,C:\Users\gkost\thesis_timeseries\TSB-UAD\data\TSB-UAD-Public\MGAB\3.test.out
2.test.out,2.test.out,MGAB,0.6180699121666666,Hard,100000,0.002,sequence,C:\Users\gkost\thesis_timeseries\TSB-UAD\data\TSB-UAD-Public\MGAB\2.test.out
room-occupancy.train.csv@4.out,room-occupancy.train.csv@4.out,Occupancy,0.7244667103333332,Easy,8143,0.212329608,mixed,C:\Users\gkost\thesis_timeseries\TSB-UAD\data\TSB-UAD-Public\Occupancy\room-occupancy.train.csv@4.out
room-occupancy-0.test.csv@3.out,room-occupancy-0.test.csv@3.out,Occupancy,0.7108037751666667,Easy,2665,0.364727955,mixed,C:\Users\gkost\thesis_timeseries\TSB-UAD\data\TSB-UAD-Public\Occupancy\room-occupancy-0.test.csv@3.out
room-occupancy-0.test.csv@1.out,room-occupancy-0.test.csv@1.out,Occupancy,0.65651397425,Medium,2665,0.364727955,mixed,C:\Users\gkost\thesis_timeseries\TSB-UAD\data\TSB-UAD-Public\Occupancy\room-occupancy-0.test.csv@1.out
KPI-54350a12-7a9d-3ca8-b81f-f886b9d156fd.test.out,KPI-54350a12-7a9d-3ca8-b81f-f886b9d156fd.test.out,IOPS,0.7787400998333331,Easy,8866,0.006993007,sequence,C:\Users\gkost\thesis_timeseries\TSB-UAD\data\TSB-UAD-Public\IOPS\KPI-54350a12-7a9d-3ca8-b81f-f886b9d156fd.test.out
KPI-0efb375b-b902-3661-ab23-9a0bb799f4e3.test.out,KPI-0efb375b-b902-3661-ab23-9a0bb799f4e3.test.out,IOPS,0.6256702481666667,Medium,8784,0.001479964,sequence,C:\Users\gkost\thesis_timeseries\TSB-UAD\data\TSB-UAD-Public\IOPS\KPI-0efb375b-b902-3661-ab23-9a0bb799f4e3.test.out
KPI-ab216663-dcc2-3a24-b1ee-2c3e550e06c9.test.out,KPI-ab216663-dcc2-3a24-b1ee-2c3e550e06c9.test.out,IOPS,0.54466324425,Hard,10780,0.017346939,sequence,C:\Users\gkost\thesis_timeseries\TSB-UAD\data\TSB-UAD-Public\IOPS\KPI-ab216663-dcc2-3a24-b1ee-2c3e550e06c9.test.out
genesis-anomalies.test.csv@1.out,genesis-anomalies.test.csv@1.out,Genesis,0.75368245825,Easy,16220,0.003082614,sequence,C:\Users\gkost\thesis_timeseries\TSB-UAD\data\TSB-UAD-Public\Genesis\genesis-anomalies.test.csv@1.out
genesis-anomalies.test.csv@6.out,genesis-anomalies.test.csv@6.out,Genesis,0.65111988975,Medium,16220,0.003082614,sequence,C:\Users\gkost\thesis_timeseries\TSB-UAD\data\TSB-UAD-Public\Genesis\genesis-anomalies.test.csv@6.out
genesis-anomalies.test.csv@3.out,genesis-anomalies.test.csv@3.out,Genesis,0.6205570845833334,Hard,16220,0.003082614,sequence,C:\Users\gkost\thesis_timeseries\TSB-UAD\data\TSB-UAD-Public\Genesis\genesis-anomalies.test.csv@3.out
MBA_ECG803_data.out,MBA_ECG803_data.out,ECG,0.7628094848333333,Easy,230400,0.047851563,sequence,C:\Users\gkost\thesis_timeseries\TSB-UAD\data\TSB-UAD-Public\ECG\MBA_ECG803_data.out
MBA_ECG801_data.out,MBA_ECG801_data.out,ECG,0.57014145975,Hard,227900,0.126700307,sequence,C:\Users\gkost\thesis_timeseries\TSB-UAD\data\TSB-UAD-Public\ECG\MBA_ECG801_data.out
stb-2.test.out,stb-2.test.out,SensorScope,0.5045674176666667,Hard,29553,0.127804284,sequence,C:\Users\gkost\thesis_timeseries\TSB-UAD\data\TSB-UAD-Public\SensorScope\stb-2.test.out
101-freeway-traffic.test.out,101-freeway-traffic.test.out,Dodgers,0.5835690265000001,Hard,50400,0.111349206,mixed,C:\Users\gkost\thesis_timeseries\TSB-UAD\data\TSB-UAD-Public\Dodgers\101-freeway-traffic.test.out
