filename,dataset,IFOREST,LOF,MP,NORMA,IFOREST1,HBOS,OCSVM,PCA,AE,CNN,LSTM,POLY
006_UCR_Anomaly_DISTORTEDCIMIS44AirTemperature2_4000_5703_5727.txt,KDD21,0.010242434,0.045439086,0.043083185,0.07689623,0.007532644,0.056132287,0.805752023,0.007938115,0.109223714,0.009293515,0.036736862,0.043673081
022_UCR_Anomaly_DISTORTEDGP711MarkerLFM5z4_4000_6527_6645.txt,KDD21,0.184015515,0.006140688,0.51785028,0.998747831,0.018773579,0.021342659,0.010692053,0.033346144,0.185687198,0.377493558,0.012495559,0.184762369
02_Lev_fault_Temp_corr_seed_17_vars_23.test.csv@13.out,GHL,0.016196094,0.001991435,0.010757326,0.008351291,0.017258315,0.026559839,0.057263974,0.01982794,0.004495025,0.000830222,0.0003625,0.002309242
030_UCR_Anomaly_DISTORTEDInternalBleeding19_3000_4187_4197.txt,KDD21,0.004301852,0.067939316,0.040594699,0.779895266,0.002524932,0.001818254,0.005758879,0.021769759,0.000939452,0.25781837,0.655070124,0.001091941
033_UCR_Anomaly_DISTORTEDInternalBleeding5_4000_6200_6370.txt,KDD21,0.614306456,0.52489271,0.725855326,0.899178264,0.026253723,0.015555384,0.243298775,0.014345864,0.245504844,0.663179709,0.104202034,0.073462064
034_UCR_Anomaly_DISTORTEDInternalBleeding6_1500_3474_3629.txt,KDD21,0.818413457,0.020900189,0.516281156,0.461844955,0.064242569,0.714258884,0.205765663,0.785316086,0.132473221,0.334239992,0.015866214,0.015827858
037_UCR_Anomaly_DISTORTEDLab2Cmac011215EPG1_5000_17210_17260.txt,KDD21,0.859863118,0.999603922,0.228863154,0.185834994,0.152638943,0.961162895,0.01019263,0.999603922,0.016778995,0.064708589,0.024949045,0.775707898
03_Lev_fault_Temp_corr_seed_19_vars_23.test.csv@8.out,GHL,0.008200403,0.5003625,0.286576351,0.000909637,0.503262386,0.289810171,0.014107494,0.29325491,0.019391186,0.0003625,0.0003625,0.008338655
041_UCR_Anomaly_DISTORTEDLab2Cmac011215EPG5_7000_17390_17520.txt,KDD21,0.223670936,0.282686995,0.397318502,0.547438204,0.005790253,0.146542599,0.176209199,0.091766815,0.338607597,0.099934775,0.025533462,0.004766657
049_UCR_Anomaly_DISTORTEDTkeepFirstMARS_3500_5365_5380.txt,KDD21,0.001289921,0.01451547,0.01164274,0.003239187,0.0007532,0.00087872,0.0007389,0.000919854,0.005818346,0.001088664,0.000887781,0.000986193
051_UCR_Anomaly_DISTORTEDTkeepSecondMARS_3500_9330_9340.txt,KDD21,0.000446796,0.091899805,0.059230165,0.90799513,0.002589587,0.000439097,0.002266253,0.000635566,0.002395431,0.243897041,0.302419613,0.007142857
053_UCR_Anomaly_DISTORTEDWalkingAceleration1_1500_2764_2995.txt,KDD21,0.017814282,0.02464247,0.064032815,0.037456407,0.024644933,0.018169916,0.354625173,0.017922945,0.309618832,0.041551981,0.031539514,0.023046578
054_UCR_Anomaly_DISTORTEDWalkingAceleration5_2700_5920_5979.txt,KDD21,0.704476671,0.005569279,0.248902884,0.978791143,0.137568091,0.982613869,0.104923785,0.996284045,0.165460997,0.057973124,0.018647499,0.021719141
056_UCR_Anomaly_DISTORTEDapneaecg3_5000_11111_11211.txt,KDD21,0.003399174,0.944522205,0.411215433,0.37226943,0.003018746,0.003042313,0.001766567,0.002433168,0.023039426,0.056517395,0.024973448,0.003221474
059_UCR_Anomaly_DISTORTEDgait1_20000_38500_38800.txt,KDD21,0.004886249,0.006932876,0.007258908,0.013100783,0.004472715,0.00425401,0.003856486,0.004572843,0.003975524,0.004019895,0.004399675,0.003038172
061_UCR_Anomaly_DISTORTEDgait3_24500_59900_60500.txt,KDD21,0.01153725,0.0100538,0.008788928,0.010050463,0.01093144,0.010638991,0.015124535,0.012154989,0.009443836,0.010948739,0.010164438,0.011185817
063_UCR_Anomaly_DISTORTEDgaitHunt2_18500_31200_31850.txt,KDD21,0.014226171,0.334636437,0.016085403,0.016823915,0.01516476,0.023454656,0.006933242,0.008785994,0.007444715,0.010054273,0.009481814,0.007451774
066_UCR_Anomaly_DISTORTEDinsectEPG2_3700_8000_8025.txt,KDD21,0.05975191,0.74426755,0.389005341,0.110396335,0.007555807,0.46426087,0.001422173,0.001251415,0.129664939,0.007871284,0.007930056,0.001343432
072_UCR_Anomaly_DISTORTEDltstdbs30791ES_20000_52600_52800.txt,KDD21,0.00211819,0.029003188,0.691560522,0.983654844,0.003535106,0.008645636,0.357862572,0.002035332,0.30188097,0.035203822,0.008622497,0.002767461
074_UCR_Anomaly_DISTORTEDqtdbSel1005V_4000_12400_12800.txt,KDD21,0.007815307,0.080307034,0.268748001,0.547786658,0.009912412,0.013172569,0.033838008,0.00723595,0.086149225,0.016415759,0.01611448,0.00877554
078_UCR_Anomaly_DISTORTEDresperation1_100000_110260_110412.txt,KDD21,0.003764616,0.000703925,0.00529337,0.021828352,0.000724784,0.001399777,0.005425245,0.000380543,0.000937381,0.001896677,0.001944163,0.000656644
07_Lev_fault_Temp_corr_seed_31_vars_23.test.csv@10.out,GHL,0.024602222,0.50036,0.285089365,0.003136118,0.503097574,0.288139678,0.01378034,0.291608674,0.008420776,0.00036,0.00036,0.009012217
08_Lev_fault_Temp_corr_seed_33_vars_23.test.csv@8.out,GHL,0.008054952,0.50036,0.285089638,0.001274646,0.503160945,0.288231406,0.013420024,0.291700076,0.007822944,0.00036,0.00036,0.009143464
090_UCR_Anomaly_DISTORTEDtiltAPB2_50000_124159_124985.txt,KDD21,0.011258568,0.020084461,0.371784622,0.998757597,0.006405524,0.004169349,0.006596097,0.00443077,0.064383326,0.023143662,0.016366201,0.00692704
093_UCR_Anomaly_NOISE1sddb40_35000_52000_52620.txt,KDD21,0.400455498,0.009810571,0.30187827,0.066466036,0.020892514,0.081753632,0.456128339,0.603851101,0.261302498,0.019480361,0.01987946,0.005569974
094_UCR_Anomaly_NOISEBIDMC1_2500_5400_5600.txt,KDD21,0.354553044,0.20563323,0.414229713,0.641237859,0.098739507,0.017988126,0.048749777,0.25206398,0.370419508,0.265242346,0.122970427,0.106429604
09_Lev_fault_Temp_corr_seed_37_vars_23.test.csv@13.out,GHL,0.016280829,0.001948489,0.016177062,0.009385892,0.018086512,0.029204753,0.054209209,0.020750132,0.032690746,0.000415004,0.001026914,0.001944607
09_Lev_fault_Temp_corr_seed_37_vars_23.test.csv@2.out,GHL,0.026890379,0.00036,0.00036,0.003027732,0.025697267,0.517725258,0.000374287,0.018725195,0.001565425,0.000970102,0.000360158,0.000426164
100_UCR_Anomaly_NOISELab2Cmac011215EPG1_5000_17210_17260.txt,KDD21,0.836615847,1.0,0.224382411,0.209732291,0.158098778,0.91999744,0.015700906,1.0,0.055698057,0.019331359,0.037933553,0.775740905
101-freeway-traffic.test.out,Dodgers,0.562828844,0.572448668,0.255652912,0.488880709,0.117829882,0.079779467,0.235433346,0.576846659,0.186334753,0.143839462,0.091451345,0.137341578
103_UCR_Anomaly_NOISETkeepThirdMARS_3500_4711_4809.txt,KDD21,0.071881933,0.443009659,0.607050979,0.830425861,0.007480492,0.004766033,0.40882143,0.274724282,0.028672366,0.15505444,0.025709536,0.007408598
106_UCR_Anomaly_NOISEgaitHunt2_18500_31200_31850.txt,KDD21,0.050676781,0.125667873,0.012400161,0.02013008,0.014426147,0.028963444,0.007284812,0.008129519,0.012050369,0.011335067,0.01037253,0.007998656
107_UCR_Anomaly_NOISEinsectEPG3_5200_7000_7050.txt,KDD21,0.023799896,0.023152585,0.012370894,0.00673425,0.00799249,0.069595269,0.003573814,0.024260555,0.006158597,0.006563627,0.005544881,0.026713088
109.test.csv@1.out,MITDB,0.045908092,0.062396476,0.297293639,0.92125179,0.027646535,0.080990119,0.418030057,0.037304225,0.725416603,0.041136523,0.024855471,0.014501005
10_Lev_fault_Temp_corr_seed_39_vars_23.test.csv@4.out,GHL,0.040362516,0.0003625,0.0003625,0.008812966,0.097445392,0.147145706,0.000377201,0.018480747,0.001119319,0.001425258,0.000990681,0.000987057
110_UCR_Anomaly_2sddb40_35000_56600_56900.txt,KDD21,0.001899487,0.089642798,0.84891138,0.34771136,0.001950274,0.001897707,0.179999723,0.001887704,0.029574473,0.019994766,0.023772768,0.001957266
111.test.csv@2.out,MITDB,0.003722619,0.000654518,0.002646501,0.010405763,0.001915129,0.003011803,0.140808248,0.001806094,0.020973365,0.001292418,0.001038214,0.000516485
117.test.csv@2.out,MITDB,0.154065739,0.018012453,0.000606897,0.000649713,0.034267528,0.051471571,0.001196857,0.097762361,0.00090621,0.000577779,0.000473089,0.00240813
119.test.csv@1.out,MITDB,0.777097862,0.334745006,0.32872731,0.567689094,0.53582051,0.697578433,0.340945808,0.806234547,0.688227155,0.261890872,0.247992118,0.456637215
11_Lev_fault_Temp_corr_seed_41_vars_23.test.csv@4.out,GHL,0.017512503,0.00036,0.00036,0.002660933,0.050832357,0.136749607,0.000376826,0.007379248,0.001016223,0.001743426,0.001271142,0.004741029
11_Lev_fault_Temp_corr_seed_41_vars_23.test.csv@8.out,GHL,0.008570877,0.50036,0.285089365,0.002727583,0.503113783,0.288159477,0.01378034,0.291628366,0.016870272,0.00036,0.00036,0.011868266
130_UCR_Anomaly_GP711MarkerLFM5z4_4000_6527_6645.txt,KDD21,0.244647303,0.006383209,0.568155336,0.999608806,0.018071828,0.020604446,0.011544428,0.021261001,0.034457357,0.369702197,0.018159937,0.126938153
134_UCR_Anomaly_InternalBleeding15_1700_5684_5854.txt,KDD21,0.770569807,0.114434441,0.516510558,0.739721684,0.026432816,0.584163153,0.587306915,0.409940809,0.202354108,0.260742065,0.02357124,0.016811129
137_UCR_Anomaly_InternalBleeding18_2300_4485_4587.txt,KDD21,0.009941674,0.935424744,0.998981493,0.983535232,0.015419408,0.008643778,0.009959413,0.007548864,0.05538304,0.028419096,0.107007725,0.015672506
13_Lev_fault_Temp_corr_seed_666_vars_23.test.csv@10.out,GHL,0.026771189,0.5003625,0.286576214,0.001101593,0.503068653,0.289568202,0.014304252,0.293014108,0.008578182,0.0003625,0.0003625,0.008429006
140_UCR_Anomaly_InternalBleeding4_1000_4675_5033.txt,KDD21,0.691382652,0.209862697,0.746802069,0.854810236,0.066421621,0.405261019,0.263016293,0.303071633,0.146718594,0.649685811,0.113743113,0.356235356
143_UCR_Anomaly_InternalBleeding8_2500_5865_5974.txt,KDD21,0.019296794,0.934993806,0.474698111,0.081977027,0.014317627,0.012158558,0.138131467,0.008408967,0.01990056,0.013308632,0.011377982,0.011621266
15_Lev_fault_Temp_corr_seed_49_vars_23.test.csv@8.out,GHL,0.008237568,0.50036,0.285089093,0.006933696,0.50313917,0.288176708,0.014168331,0.291645518,0.018843498,0.00036,0.00036,0.008409888
160_UCR_Anomaly_TkeepThirdMARS_3500_4711_4809.txt,KDD21,0.008371831,0.491088098,0.591906529,0.875862153,0.007359597,0.202459114,0.267949561,0.302213482,0.186459133,0.154913749,0.028912736,0.00766877
16_Lev_fault_Temp_corr_seed_53_vars_23.test.csv@1.out,GHL,0.002258743,0.004211635,0.285273182,0.002185369,0.002255568,0.001359423,0.009873075,0.002072525,0.010032118,0.00036,0.00036,0.03388003
180_UCR_Anomaly_ltstdbs30791ES_20000_52600_52800.txt,KDD21,0.002925251,0.030133045,0.770242265,0.976513049,0.0043851,0.01735904,0.364695162,0.002040715,0.380530317,0.006181637,0.005075053,0.002981438
182_UCR_Anomaly_qtdbSel1005V_4000_12400_12800.txt,KDD21,0.006687006,0.071704269,0.358464635,0.77047555,0.008605751,0.010009092,0.129034139,0.006565146,0.128034368,0.017173961,0.015540839,0.008834381
183_UCR_Anomaly_qtdbSel100MLII_4000_13400_13800.txt,KDD21,0.008777094,0.080752745,0.321975646,0.721396122,0.009430057,0.014982863,0.031187088,0.008051613,0.098839635,0.030307509,0.038961726,0.010146777
189_UCR_Anomaly_resperation3_45000_158250_158251.txt,KDD21,2.73e-06,3.89e-06,0.000139121,1.65e-05,2.68e-06,2.63e-06,0.00295858,7.33e-06,9.78e-06,2.73e-06,4.12e-06,2.76e-06
191_UCR_Anomaly_resperation9_38000_143411_143511.txt,KDD21,0.000901121,0.887020972,0.004633991,0.000627276,0.000619865,0.000683749,0.000362133,0.000440069,0.00034867,0.481433837,0.767166819,0.002340336
195_UCR_Anomaly_sel840mECG1_17000_51370_51740.txt,KDD21,0.04308425,0.431280846,0.4321857,0.644003668,0.005803457,0.004503395,0.013900825,0.140789216,0.048360755,0.006405089,0.006937027,0.007269372
2.test.out,MGAB,0.001994637,0.662834161,0.331866854,0.001950494,0.002133687,0.001790335,0.001710644,0.001782348,0.095211882,0.02848513,0.047729197,0.002217812
205_UCR_Anomaly_CHARISfive_9812_28995_29085.txt,KDD21,0.001255314,0.056217587,0.025191426,0.003492135,0.002496165,0.00208816,0.034852961,0.001540945,0.011589537,0.002218494,0.003828029,0.001206766
20_Lev_fault_Temp_corr_seed_67_vars_23.test.csv@1.out,GHL,0.002768977,0.0041479,0.00036,0.000994064,0.001493745,0.001022035,0.010235425,0.001638435,0.010272819,0.00036,0.00036,0.034914738
20_Lev_fault_Temp_corr_seed_67_vars_23.test.csv@8.out,GHL,0.020668521,0.50036,0.285089365,0.001530982,0.503241491,0.288316268,0.01378034,0.291784828,0.007111217,0.00036,0.00036,0.007962323
210.test.csv@1.out,MITDB,0.250078368,0.149779514,0.343562685,0.851505494,0.142891883,0.191717625,0.181327134,0.204587563,0.715445493,0.126124086,0.108915954,0.111136607
214_UCR_Anomaly_STAFFIIIDatabase_34211_125720_126370.txt,KDD21,0.004843015,0.216764853,0.001575808,0.001192389,0.004038764,0.002688813,0.003036775,0.006859183,0.001543456,0.00194262,0.001775657,0.002633188
219.test.csv@2.out,MITDB,0.132898188,0.09975807,0.189791425,0.526790595,0.12165647,0.133880645,0.431985467,0.136065193,0.56095303,0.150644991,0.120498375,0.084907702
225_UCR_Anomaly_mit14046longtermecg_81214_143000_143300.txt,KDD21,0.004701308,0.033124155,0.10886303,0.015790119,0.002195863,0.005366641,0.009569356,0.005023682,0.005368,0.00289145,0.003527874,0.003248794
226_UCR_Anomaly_mit14046longtermecg_96123_123000_123300.txt,KDD21,0.085773922,0.059301312,0.075526693,0.019472151,0.015146003,0.010820724,0.001225033,0.086758182,0.018643219,0.0026445,0.005600585,0.024380084
22_Lev_fault_Temp_corr_seed_777_vars_23.test.csv@16.out,GHL,0.00233675,0.0003625,0.500445332,0.001683932,0.002520862,0.003943647,0.000422285,0.004185429,0.0003625,0.0003625,0.0003625,0.0003625
22_Lev_fault_Temp_corr_seed_777_vars_23.test.csv@4.out,GHL,0.019370059,0.0003625,0.0003625,0.00131193,0.033271053,0.108709214,0.000378251,0.005617277,0.001378366,0.001043646,0.001214975,0.000888804
241_UCR_Anomaly_taichidbS0715Master_250000_837400_839100.txt,KDD21,0.001686297,0.023395393,0.359195825,0.001647039,0.0249895,0.001863432,0.000973182,0.001951805,0.001786997,0.003083815,0.00243184,0.001712983
242_UCR_Anomaly_tilt12744mtable_100000_104630_104890.txt,KDD21,0.000840183,0.008109198,0.371707419,0.757013423,0.000728604,0.000464604,0.002695741,0.000552624,0.016342734,0.007147297,0.001763258,0.001221293
247_UCR_Anomaly_tilt12755mtable_50211_121900_121980.txt,KDD21,0.001200297,0.000209309,0.06847357,0.011386185,0.000730371,0.0015796,0.001567715,0.000992912,0.001914359,0.001610687,0.000428942,0.000431028
26_Lev_corr_Temp_fault_seed_113_vars_23.test.csv@7.out,GHL,0.007264718,0.00188,0.501910802,0.003248985,0.010592146,0.52619114,0.00188,0.002818971,0.00188,0.00188,0.00188,0.00188
31_Lev_corr_Temp_fault_seed_132_vars_23.test.csv@13.out,GHL,0.157131497,0.00256,0.00888438,0.008860814,0.188963913,0.529033488,0.005099936,0.048517131,0.0029256,0.003091321,0.00256,0.003109834
35_Lev_corr_Temp_fault_seed_153_vars_23.test.csv@1.out,GHL,0.058049536,0.0028125,0.504227893,0.019399365,0.058569346,0.060166863,0.0028125,0.059586864,0.0028125,0.0028125,0.0028125,0.0028125
35_Lev_corr_Temp_fault_seed_153_vars_23.test.csv@12.out,GHL,0.006516299,0.0028125,0.502942099,0.087555618,0.008140494,0.005073967,0.002839891,0.003203084,0.0028125,0.0028125,0.0028125,0.0028125
41_Lev_corr_Temp_fault_seed_181_vars_23.test.csv@3.out,GHL,0.615512228,0.0086275,0.009971341,0.179648502,0.431331868,0.441167463,0.015394827,0.157150688,0.009385411,0.009221454,0.0086275,0.009790078
47_Lev_corr_Temp_fault_seed_197_vars_23.test.csv@1.out,GHL,0.019215337,0.002155,0.002155,0.003114801,0.019933401,0.002155,0.002155,0.004367919,0.002155,0.002155,0.002155,0.002155
48_Lev_corr_Temp_fault_seed_199_vars_23.test.csv@16.out,GHL,0.041411405,0.012769916,0.464061932,0.008088489,0.055205929,0.028295164,0.008805298,0.054095739,0.010426163,0.006585,0.006585,0.010406806
8.test.out,MGAB,0.002828287,0.536789345,0.379288563,0.001824099,0.002698031,0.002616455,0.003359254,0.002927555,0.044514139,0.041825444,0.039006557,0.002944571
802.test.csv@1.out,SVDB,0.795936957,0.10661543,0.092406208,0.940500805,0.156607744,0.486594042,0.285362301,0.911463559,0.366134453,0.079605839,0.081751198,0.373848358
808.test.csv@1.out,SVDB,0.387033882,0.214712355,0.252925734,0.8810953,0.063188989,0.101281326,0.1781291,0.527889902,0.210271935,0.055972453,0.063433801,0.204720922
811.test.csv@1.out,SVDB,0.173987245,0.284691767,0.649775255,0.672387201,0.026004407,0.570536245,0.780980863,0.154441983,0.802774781,0.079796575,0.062057421,0.057167421
820.test.csv@2.out,SVDB,0.425983253,0.163374928,0.312429233,0.836741534,0.110661168,0.382630742,0.393883441,0.402301511,0.502462207,0.120307742,0.106547713,0.124465551
826.test.csv@1.out,SVDB,0.044164046,0.155071398,0.170926762,0.307385656,0.037997588,0.043006871,0.115952738,0.043060323,0.188683493,0.03855925,0.035573531,0.031851627
841.test.csv@1.out,SVDB,0.605411375,0.22890934,0.288584221,0.535676873,0.301901269,0.635937967,0.62395099,0.68093538,0.610015637,0.271770745,0.265930447,0.370998053
841.test.csv@2.out,SVDB,0.531527545,0.23630044,0.427935242,0.713366397,0.270402896,0.438292508,0.662316572,0.401973034,0.66418522,0.290539651,0.242294088,0.274704913
842.test.csv@2.out,SVDB,0.186040222,0.181190954,0.212306664,0.598387507,0.088638593,0.120645287,0.331608496,0.184229089,0.379723315,0.074389648,0.077017476,0.113453498
847.test.csv@2.out,SVDB,0.344739523,0.225716015,0.346804011,0.711091231,0.144853226,0.278447779,0.099431643,0.372107798,0.120212341,0.095629047,0.090884404,0.150592908
851.test.csv@1.out,SVDB,0.89782698,0.25240391,0.170261606,0.164706324,0.524993629,0.896718238,0.677529328,0.91787215,0.320655995,0.288712828,0.232992678,0.631361728
854.test.csv@2.out,SVDB,0.60180652,0.38406014,0.641720379,0.85435046,0.479002498,0.615011298,0.436270559,0.525409457,0.604023634,0.423800964,0.417839092,0.432316046
855.test.csv@2.out,SVDB,0.46809517,0.285273767,0.320919014,0.604794307,0.308446594,0.435245219,0.487385122,0.455037384,0.544970041,0.252176515,0.237519789,0.350383855
856.test.csv@1.out,SVDB,0.256700983,0.129071944,0.14073235,0.594518747,0.147088013,0.211322874,0.167098958,0.38089699,0.037172006,0.024191665,0.02432758,0.292898318
857.test.csv@1.out,SVDB,0.747854106,0.11293865,0.182478766,0.685462122,0.240123052,0.714423395,0.480582883,0.807697479,0.397223701,0.119839952,0.127913458,0.358890535
866.test.csv@2.out,SVDB,0.277953478,0.359995229,0.545495721,0.524397828,0.267481471,0.304747649,0.360961543,0.242837501,0.589163246,0.272309451,0.25491299,0.266890126
871.test.csv@2.out,SVDB,0.300678457,0.252698208,0.169449949,0.239030731,0.037487366,0.058558077,0.040122667,0.377223733,0.060427395,0.018613383,0.017509159,0.13237748
875.test.csv@2.out,SVDB,0.770251933,0.077430734,0.35255672,0.966665237,0.096061438,0.816303674,0.421064569,0.64856976,0.660794314,0.064619242,0.053919542,0.091045981
882.test.csv@2.out,SVDB,0.28173487,0.311182244,0.406708401,0.705602425,0.036393028,0.093089342,0.330931599,0.262124013,0.403110576,0.03496997,0.033880025,0.066744654
883.test.csv@1.out,SVDB,0.198180129,0.300331611,0.609583765,0.863202809,0.041146462,0.094713026,0.346109402,0.368436907,0.523688657,0.040724811,0.040823686,0.100197286
888.test.csv@2.out,SVDB,0.170204385,0.372530311,0.506429365,0.795645943,0.080091248,0.159325707,0.315350832,0.254165823,0.549924929,0.089146347,0.091828107,0.154197682
890.test.csv@2.out,SVDB,0.308665562,0.138244568,0.245546427,0.761198429,0.128647118,0.225161546,0.180740837,0.330359225,0.291864384,0.10265387,0.10428979,0.211437822
KPI-1c6d7a26-1f1a-3321-bb4d-7a9d969ec8f0.test.out,IOPS,0.005594961,0.008781196,0.009446552,0.049994916,0.366492704,0.004992133,0.004949498,0.007442905,0.005932241,0.336884073,0.362742162,0.520027769
KPI-431a8542-c468-3988-a508-3afd06a218da.test.out,IOPS,0.373760907,0.533334394,0.107770953,0.120353504,0.427611151,0.373943412,0.322013612,0.375941882,0.031635194,0.409506932,0.358987823,0.341265635
KPI-55f8b8b8-b659-38df-b3df-e4a5a8a54bc9.test.out,IOPS,0.137723574,0.069527947,0.174469176,0.525666994,0.332434607,0.10174638,0.179194451,0.15876579,0.045519922,0.069982812,0.077145903,0.310047932
KPI-9c639a46-34c8-39bc-aaf0-9144b37adfc8.test.out,IOPS,0.03432223,0.043340057,0.035514396,0.069482838,0.343531186,0.05160407,0.005837378,0.036910242,0.008491861,0.144191609,0.096611447,0.428909076
KPI-ab216663-dcc2-3a24-b1ee-2c3e550e06c9.test.out,IOPS,0.015660648,0.03654569,0.037000552,0.020765684,0.054588807,0.013054765,0.012906289,0.012972945,0.014554812,0.028213989,0.060579986,0.020537191
MBA_ECG805_data.out,ECG,0.719569518,0.084641396,0.057043952,0.775089407,0.437734414,0.625321245,0.288350399,0.702386781,0.352157662,0.080113413,0.095012241,0.563268025
NAB_data_CloudWatch_10.out,NAB,0.239417248,0.049875931,0.049875931,0.1490425,0.148444341,0.237388121,0.119028606,0.275493061,0.151130395,0.108118491,0.12622062,0.188073307
NAB_data_CloudWatch_12.out,NAB,0.440845833,0.051139685,0.30369753,0.229342963,0.148336975,0.431881513,0.245675293,0.55060417,0.224333546,0.13669097,0.101528727,0.252054007
NAB_data_CloudWatch_17.out,NAB,0.424815084,0.493319226,0.121394572,0.140069385,0.116238839,0.13497316,0.53184586,0.127964267,0.523478626,0.20240808,0.123318597,0.487518842
NAB_data_Exchange_5.out,NAB,0.351864087,0.407657709,0.187675545,0.084406094,0.135928133,0.363819861,0.223228983,0.461429404,0.091259246,0.103323783,0.083410674,0.490518466
NAB_data_Traffic_2.out,NAB,0.248700247,0.139155313,0.164298304,0.375618669,0.129208865,0.528523151,0.119822917,0.230236734,0.087006218,0.14752235,0.115637202,0.351205797
NAB_data_Traffic_4.out,NAB,0.401376414,0.468897192,0.058242653,0.110970169,0.184777676,0.329132969,0.076120286,0.93588691,0.054039873,0.09287119,0.11358833,0.45099128
NAB_data_Traffic_5.out,NAB,0.487259641,0.296459659,0.06055914,0.102270778,0.12695369,0.478459453,0.799539157,0.795185727,0.490697818,0.102657781,0.098632228,0.27638418
NAB_data_art1_3.out,NAB,0.053166967,0.401420861,0.817907041,0.912789096,0.070925109,0.054309449,0.055674915,0.064477875,0.092949594,0.098337234,0.099997074,0.061852407
NAB_data_tweets_1.out,NAB,0.472437717,0.199726294,0.072502638,0.066601719,0.231358282,0.370175683,0.154838898,0.377832861,0.102897956,0.098219072,0.093551364,0.320984833
NAB_data_tweets_6.out,NAB,0.332306142,0.41497443,0.062409428,0.076068081,0.177205664,0.297633182,0.160448962,0.457191263,0.089579109,0.094032376,0.088349166,0.305857
S02R01E0.test.csv@6.out,Daphnet,0.210206799,0.444436279,0.187471936,0.260172266,0.178352143,0.13833469,0.116444644,0.202357514,0.138016355,0.138428216,0.133767002,0.193404079
S03R01E1.test.csv@2.out,Daphnet,0.486454788,0.112554318,0.13330803,0.13156262,0.443938483,0.437285907,0.234884043,0.461290144,0.227602313,0.164511368,0.177172304,0.493658795
S03R02E0.test.csv@2.out,Daphnet,0.489356319,0.348146192,0.084316441,0.082438193,0.435453406,0.409340908,0.134095663,0.497216605,0.124214079,0.119394622,0.123097056,0.513685564
S09R01E0.test.csv@2.out,Daphnet,0.036501254,0.1122281,0.081584373,0.092298067,0.032050989,0.032043415,0.027027305,0.104460804,0.065601289,0.031145475,0.027316171,0.088386522
S09R01E0.test.csv@5.out,Daphnet,0.038579579,0.105175707,0.088950273,0.094546651,0.03633184,0.043242373,0.038489212,0.02972021,0.058007387,0.038238982,0.037095009,0.030442309
S09R01E0.test.csv@6.out,Daphnet,0.051880342,0.091223946,0.089861934,0.097604382,0.032927769,0.054037834,0.108222468,0.057757792,0.067925018,0.033498069,0.025265508,0.034130723
S09R01E2.test.csv@4.out,Daphnet,0.363274683,0.561235134,0.130317713,0.12972525,0.379879576,0.696335007,0.146781392,0.333929331,0.121793781,0.150619409,0.149915449,0.341106101
S09R01E4.test.csv@2.out,Daphnet,0.197212092,0.070103245,0.020586082,0.0194361,0.084605088,0.251947275,0.025788135,0.114061845,0.022343178,0.023848119,0.026658405,0.106013524
S1-ADL1.test.csv@94.out,OPPORTUNITY,0.011691029,0.011033943,0.234811871,0.323841639,0.012347547,0.012171415,0.012959063,0.011776376,0.278357898,0.0869521,0.088258932,0.01185569
S1-ADL2.test.csv@108.out,OPPORTUNITY,0.13498158,0.134918969,0.040428211,0.037933224,0.1252024,0.058677324,0.044830506,0.209341812,0.041178443,0.040233241,0.043995804,0.026749107
S1-ADL2.test.csv@115.out,OPPORTUNITY,0.02545453,0.048030032,0.119268712,0.129923789,0.028318186,0.022988513,0.040366187,0.024734176,0.092834207,0.051838496,0.047599425,0.026154009
S1-ADL2.test.csv@44.out,OPPORTUNITY,0.384122094,0.021646029,0.310401341,0.44673555,0.439655847,0.364693419,0.026221453,0.684104403,0.039411158,0.114409791,0.203516324,0.022779729
S1-ADL2.test.csv@52.out,OPPORTUNITY,0.349197119,0.021646029,0.15966132,0.244916079,0.256214712,0.491984838,0.03067587,0.73172141,0.129647502,0.05768869,0.059655787,0.022887563
S1-ADL2.test.csv@77.out,OPPORTUNITY,0.172705736,0.021646029,0.323150795,0.363311621,0.162321347,0.079604586,0.027552938,0.254163491,0.308928634,0.072285124,0.071610662,0.02238048
S1-ADL2.test.csv@93.out,OPPORTUNITY,0.022687238,0.021646029,0.230175994,0.435613975,0.023548249,0.029332154,0.033298781,0.022355041,0.080427683,0.094691987,0.095898316,0.022877754
S1-ADL3.test.csv@114.out,OPPORTUNITY,0.022242052,0.026705108,0.14170302,0.210744096,0.025829186,0.021569981,0.032274634,0.021929852,0.113455955,0.042917504,0.04525464,0.02256023
S1-ADL3.test.csv@124.out,OPPORTUNITY,0.330311944,0.138968419,0.114647613,0.294730172,0.156917531,0.986691433,0.039033905,0.213265467,0.073185211,0.040794291,0.042063037,0.023692754
S1-ADL3.test.csv@126.out,OPPORTUNITY,0.024943941,0.060054422,0.153736684,0.370285998,0.034117832,0.021404595,0.03535794,0.025514526,0.080959097,0.040232408,0.04118328,0.021727425
S1-ADL3.test.csv@132.out,OPPORTUNITY,0.022436295,0.029726454,0.116160393,0.163608444,0.025444623,0.022934899,0.030502476,0.022002892,0.086485055,0.047443962,0.043137247,0.022595801
S1-ADL3.test.csv@45.out,OPPORTUNITY,0.020490383,0.01944578,0.145230284,0.211279048,0.023335061,0.021690135,0.021481058,0.049426145,0.026206886,0.166577794,0.189891443,0.021150958
S1-ADL3.test.csv@52.out,OPPORTUNITY,0.377965225,0.01944578,0.125041493,0.155952364,0.308739139,0.518940159,0.026840868,0.62237456,0.111452154,0.059507451,0.062119577,0.02090704
S1-ADL3.test.csv@67.out,OPPORTUNITY,0.020757882,0.315701774,0.156426023,0.147371001,0.022176137,0.021826663,0.025220582,0.020798574,0.158272733,0.072137677,0.087490324,0.021577756
S1-ADL3.test.csv@76.out,OPPORTUNITY,0.205304002,0.01944578,0.178657218,0.391475523,0.173657266,0.295568753,0.030727704,0.330136048,0.210285327,0.070775579,0.067323006,0.020413273
S1-ADL3.test.csv@77.out,OPPORTUNITY,0.249204648,0.01944578,0.277419589,0.143965122,0.227922539,0.069674779,0.026879971,0.568867137,0.213476675,0.071718139,0.077889261,0.01998893
S1-ADL3.test.csv@83.out,OPPORTUNITY,0.021962544,0.01944578,0.256159571,0.270737597,0.025542782,0.05289178,0.025047033,0.06787602,0.049342692,0.176874721,0.245714122,0.020185953
S1-ADL4.test.csv@112.out,OPPORTUNITY,0.017793022,0.026057758,0.125919409,0.231304854,0.019983895,0.018114881,0.02722524,0.017741147,0.110581799,0.036267435,0.037459106,0.018093589
S1-ADL4.test.csv@114.out,OPPORTUNITY,0.01793205,0.026057758,0.125919409,0.229946107,0.019143732,0.018114881,0.02722524,0.017741147,0.096545923,0.036235388,0.038311712,0.018093589
S1-ADL4.test.csv@120.out,OPPORTUNITY,0.45684326,0.053618559,0.408642433,0.01591163,0.219660399,0.42404704,0.034325535,0.261932587,0.017494318,0.018739378,0.018926506,0.019738797
S1-ADL4.test.csv@40.out,OPPORTUNITY,0.015774788,0.324882465,0.277733628,0.331377094,0.016539297,0.015738433,0.020877852,0.016165479,0.205391812,0.058060102,0.05975236,0.016197854
S1-ADL4.test.csv@68.out,OPPORTUNITY,0.015504751,0.170329119,0.319638851,0.703147799,0.016145075,0.015605503,0.018039832,0.015482239,0.309543209,0.083541359,0.097781499,0.015986285
S1-ADL4.test.csv@77.out,OPPORTUNITY,0.274246144,0.015172665,0.242907064,0.217582003,0.200123702,0.396510706,0.020704061,0.584702299,0.028081718,0.05652039,0.053955898,0.015652135
S1-ADL4.test.csv@96.out,OPPORTUNITY,0.015420573,0.015172665,0.1917392,0.219238956,0.015681424,0.015342204,0.01913507,0.017246357,0.022353628,0.099268205,0.140887575,0.015937513
S1-ADL5.test.csv@108.out,OPPORTUNITY,0.448937484,0.048605719,0.130117008,0.466492166,0.141305019,0.516458165,0.042039523,0.388275056,0.082760862,0.045131491,0.047002533,0.022601221
S1-ADL5.test.csv@109.out,OPPORTUNITY,0.217679448,0.037554444,0.118518695,0.209313275,0.155502339,0.954138702,0.051256196,0.152715486,0.088355021,0.046529117,0.045987875,0.023546849
S1-ADL5.test.csv@111.out,OPPORTUNITY,0.02109505,0.028531179,0.132824386,0.237204649,0.02408545,0.021153359,0.028517557,0.020794922,0.124083822,0.046885249,0.048975863,0.022334652
S1-ADL5.test.csv@112.out,OPPORTUNITY,0.021801859,0.026565637,0.151677115,0.171876528,0.024570768,0.020280203,0.040795834,0.021637919,0.086130671,0.049540716,0.048837315,0.022644291
S1-ADL5.test.csv@113.out,OPPORTUNITY,0.021921266,0.026636926,0.109768167,0.117280784,0.025546466,0.022159413,0.035593024,0.021815634,0.080814792,0.043889861,0.045165382,0.022754078
S1-ADL5.test.csv@119.out,OPPORTUNITY,0.042356354,0.050703383,0.512989492,0.268664452,0.047016835,0.159826954,0.047286956,0.054726065,0.021242349,0.02354612,0.021457897,0.021907104
S1-ADL5.test.csv@130.out,OPPORTUNITY,0.021845437,0.023502191,0.144783482,0.233086119,0.024862723,0.022225584,0.033866253,0.021842338,0.083592652,0.046701511,0.048023488,0.023536186
S1-ADL5.test.csv@131.out,OPPORTUNITY,0.02133524,0.026369209,0.198345385,0.31236884,0.02422653,0.020793412,0.031375758,0.021273816,0.155753087,0.053488069,0.051466979,0.022164573
S1-ADL5.test.csv@16.out,OPPORTUNITY,0.491110538,0.020215097,0.380458133,0.555271522,0.34997723,0.523580864,0.026996365,0.738133016,0.264689642,0.06264633,0.064517623,0.021778729
S1-ADL5.test.csv@39.out,OPPORTUNITY,0.212519481,0.026784811,0.115266747,0.27007367,0.271429275,0.504597696,0.030320445,0.196687127,0.071882594,0.046212015,0.045917202,0.021284267
S1-ADL5.test.csv@67.out,OPPORTUNITY,0.02093123,0.281045243,0.291752428,0.415091102,0.022028924,0.020693398,0.027523349,0.020749782,0.247463386,0.082378371,0.08719756,0.021560807
S1-ADL5.test.csv@76.out,OPPORTUNITY,0.194129179,0.020215097,0.391225576,0.606084543,0.140858501,0.35324826,0.041155305,0.695598271,0.284132701,0.078736788,0.078314745,0.021056808
S1-ADL5.test.csv@82.out,OPPORTUNITY,0.152463636,0.061295216,0.751550293,0.723167081,0.267696711,0.145194318,0.028755258,0.618054821,0.043366854,0.217636704,0.254551233,0.022216349
S1-ADL5.test.csv@92.out,OPPORTUNITY,0.020479048,0.020215097,0.591010481,0.737288072,0.021315341,0.020783983,0.028877365,0.020529976,0.487145704,0.095722696,0.100774388,0.020637064
S2-ADL2.test.csv@109.out,OPPORTUNITY,0.378060113,0.098544202,0.048470864,0.04338734,0.122145106,0.880207756,0.021474639,0.10977047,0.033812267,0.027767177,0.026590095,0.019288027
S2-ADL2.test.csv@65.out,OPPORTUNITY,0.118488961,0.013617839,0.143023765,0.191463924,0.120573656,0.219124269,0.027164239,0.149203112,0.113708852,0.046728186,0.048798359,0.018949105
S2-ADL2.test.csv@68.out,OPPORTUNITY,0.023382223,0.274160796,0.174575456,0.227740423,0.029062506,0.021534192,0.018730853,0.027622579,0.157373925,0.064359898,0.067880096,0.032524501
S2-ADL2.test.csv@94.out,OPPORTUNITY,0.014824035,0.013617839,0.273062732,0.413245051,0.014961515,0.015484244,0.017999387,0.014985345,0.272235826,0.076909749,0.076617877,0.015468351
S2-ADL3.test.csv@68.out,OPPORTUNITY,0.014804889,0.013335865,0.151677995,0.158708138,0.015323703,0.01564852,0.016330079,0.014961002,0.119955966,0.05256888,0.057335617,0.015854056
S2-ADL3.test.csv@80.out,OPPORTUNITY,0.013815049,0.210896464,0.266281921,0.379101548,0.014301834,0.014018693,0.017270102,0.013862428,0.161392703,0.055087986,0.052581112,0.014416924
S2-ADL3.test.csv@89.out,OPPORTUNITY,0.015465247,0.013335865,0.149166896,0.234836415,0.019079156,0.024846819,0.020770342,0.021237166,0.033552958,0.046692306,0.04727549,0.014532691
S2-ADL4.test.csv@101.out,OPPORTUNITY,0.016596918,0.011298745,0.109587403,0.087114276,0.018160462,0.01178923,0.032135963,0.040011986,0.095560961,0.057183531,0.055266912,0.012130249
S2-ADL4.test.csv@55.out,OPPORTUNITY,0.01259703,0.113941871,0.13693988,0.170571981,0.012834566,0.012158901,0.016190194,0.012606434,0.089421442,0.036326542,0.041686622,0.013590809
S2-ADL4.test.csv@67.out,OPPORTUNITY,0.012373428,0.084979361,0.100542849,0.111249596,0.01269348,0.012615176,0.016090015,0.012541633,0.082115357,0.055300426,0.056782428,0.013991834
S2-ADL4.test.csv@77.out,OPPORTUNITY,0.097938191,0.011298745,0.071722838,0.202752346,0.107533986,0.057467037,0.018669902,0.199288745,0.034623433,0.028573522,0.032065535,0.012813911
S2-ADL4.test.csv@78.out,OPPORTUNITY,0.194659915,0.011298745,0.075772811,0.042417541,0.258748964,0.148179303,0.017238861,0.345186591,0.062863809,0.031929154,0.033222738,0.012739474
S2-ADL4.test.csv@81.out,OPPORTUNITY,0.011843424,0.011298745,0.173691613,0.431531986,0.012200597,0.011873005,0.014520828,0.011840132,0.134185622,0.047530663,0.051025825,0.012911732
S2-ADL4.test.csv@93.out,OPPORTUNITY,0.011775599,0.011298745,0.157900601,0.369305525,0.01232635,0.011671313,0.014150165,0.01177972,0.104820738,0.060073915,0.070455114,0.012032859
S2-ADL4.test.csv@94.out,OPPORTUNITY,0.0117338,0.011298745,0.196284007,0.301591958,0.012201483,0.011986717,0.012873451,0.011701437,0.086094037,0.050353535,0.050902039,0.01207143
S2-ADL5.test.csv@53.out,OPPORTUNITY,0.020502454,0.098772782,0.144627879,0.258143222,0.021310225,0.021413388,0.024922627,0.020574862,0.123174544,0.067170524,0.066464493,0.021630819
S2-ADL5.test.csv@78.out,OPPORTUNITY,0.096445456,0.018193244,0.116450803,0.056977152,0.104860775,0.176416819,0.027406302,0.152069006,0.074330046,0.069780601,0.033503088,0.022329538
S3-ADL1.test.csv@56.out,OPPORTUNITY,0.085808508,0.060959478,0.297243648,0.461716587,0.083649285,0.142085065,0.040519125,0.234587765,0.048599051,0.348888673,0.162921222,0.036422285
S3-ADL1.test.csv@67.out,OPPORTUNITY,0.037493403,0.514266645,0.271486985,0.277463485,0.039616193,0.038508643,0.042450888,0.037783059,0.277045225,0.124465729,0.135380163,0.038000268
S3-ADL1.test.csv@80.out,OPPORTUNITY,0.038290292,0.548670208,0.269026837,0.591357829,0.040885554,0.041261951,0.04427888,0.038302037,0.302560662,0.139963233,0.10025449,0.038494878
S3-ADL2.test.csv@27.out,OPPORTUNITY,0.040450396,0.025499569,0.156116365,0.12956252,0.053144153,0.030871015,0.039726759,0.055560882,0.067769892,0.07119269,0.071256009,0.030450114
S3-ADL3.test.csv@42.out,OPPORTUNITY,0.031151604,0.569362721,0.311843852,0.379447235,0.032732126,0.03187721,0.037744481,0.030906624,0.271691087,0.099506835,0.110231604,0.031494971
S3-ADL3.test.csv@55.out,OPPORTUNITY,0.029193125,0.713758211,0.441331384,0.464829981,0.030597027,0.029108204,0.0336461,0.029193027,0.212917618,0.119135042,0.094905375,0.029866638
S3-ADL3.test.csv@71.out,OPPORTUNITY,0.111510532,0.02833508,0.156910316,0.203136437,0.186728471,0.419535234,0.033134447,0.609044461,0.035318124,0.067104408,0.130089913,0.030019648
S3-ADL4.test.csv@129.out,OPPORTUNITY,0.047553693,0.112832269,0.209028304,0.23646477,0.054464109,0.049001839,0.064018201,0.047748244,0.137155859,0.09910721,0.078919837,0.046569992
S3-ADL4.test.csv@17.out,OPPORTUNITY,0.117735159,0.039017341,0.207354421,0.208805572,0.150340177,0.240670204,0.058085667,0.199466291,0.150513378,0.089269679,0.081560201,0.044078835
S3-ADL4.test.csv@93.out,OPPORTUNITY,0.042106614,0.039017341,0.525775967,0.640902355,0.044752403,0.043868785,0.048179807,0.042175657,0.423876814,0.217993785,0.10650116,0.042330547
S3-ADL5.test.csv@124.out,OPPORTUNITY,0.14007812,0.174686846,0.139213365,0.198540517,0.142988588,0.033316443,0.064733032,0.103423854,0.074490165,0.061322601,0.060449175,0.036013017
S3-ADL5.test.csv@126.out,OPPORTUNITY,0.963281198,0.098533532,0.097055622,0.131282106,0.274658098,0.95437358,0.056065829,0.764605766,0.069377494,0.059678862,0.059092444,0.040788907
S3-ADL5.test.csv@54.out,OPPORTUNITY,0.030389493,0.084369608,0.426455552,0.390077392,0.031818764,0.033836311,0.035463954,0.0306622,0.56788264,0.124687097,0.06876081,0.030412084
S3-ADL5.test.csv@63.out,OPPORTUNITY,0.321023017,0.028289424,0.257512407,0.192055514,0.368246443,0.564212705,0.038034032,0.862966161,0.229627947,0.102116017,0.059048011,0.030655793
S3-ADL5.test.csv@67.out,OPPORTUNITY,0.030505128,0.569012752,0.291726509,0.36047108,0.032397997,0.029892084,0.034880465,0.030529904,0.182611614,0.095627541,0.08056255,0.031069025
S4-ADL1.test.csv@38.out,OPPORTUNITY,0.601253912,0.019260827,0.178901341,0.133061316,0.394039314,0.724834837,0.02507883,0.986221541,0.122411273,0.055940118,0.055960928,0.021400326
S4-ADL1.test.csv@40.out,OPPORTUNITY,0.020064037,0.481298981,0.2666329,0.510003434,0.021106189,0.019904664,0.022359331,0.020161247,0.051217127,0.094810882,0.10990754,0.020355689
S4-ADL2.test.csv@16.out,OPPORTUNITY,0.652666098,0.015809778,0.140468934,0.184739104,0.366196698,0.753347037,0.020090991,0.884693868,0.096277414,0.042767834,0.043850509,0.019840904
S4-ADL2.test.csv@31.out,OPPORTUNITY,0.069649325,0.167654514,0.062593704,0.083427965,0.081891591,0.264496043,0.028101147,0.084799872,0.064190576,0.036319077,0.036621629,0.038400239
S4-ADL2.test.csv@77.out,OPPORTUNITY,0.050005621,0.015809778,0.120386223,0.033300146,0.06144122,0.034737543,0.022709036,0.125975754,0.064425887,0.057141248,0.05304714,0.019111107
S4-ADL2.test.csv@79.out,OPPORTUNITY,0.017414869,0.015809778,0.119161089,0.122606396,0.01800451,0.017827094,0.024670112,0.017580723,0.121993263,0.05111172,0.05608431,0.018235403
S4-ADL3.test.csv@124.out,OPPORTUNITY,0.984387797,0.231022887,0.097684049,0.154262349,0.239240592,0.99234702,0.036656083,0.433755864,0.091236097,0.05330029,0.048733887,0.03298295
S4-ADL3.test.csv@81.out,OPPORTUNITY,0.029007575,0.211701643,0.152597299,0.097688461,0.028945421,0.033270846,0.031452575,0.029152437,0.228520634,0.101019731,0.101556227,0.029848094
S4-ADL4.test.csv@104.out,OPPORTUNITY,0.127201226,0.086316853,0.224929354,0.022530195,0.089582691,0.641593202,0.053948383,0.317056726,0.033120661,0.029226343,0.029310293,0.023876166
S4-ADL4.test.csv@124.out,OPPORTUNITY,0.939557652,0.25572317,0.111012835,0.165881523,0.200201576,0.998957648,0.029562427,0.266435912,0.043302758,0.036580032,0.038162154,0.025243996
S4-ADL4.test.csv@6.out,OPPORTUNITY,0.490506078,0.017724594,0.110017612,0.11790092,0.341509885,0.344892403,0.023810745,0.412106644,0.056147006,0.046331419,0.047333784,0.026761046
S4-ADL5.test.csv@131.out,OPPORTUNITY,0.017900752,0.032830868,0.101486986,0.106554203,0.019641404,0.018092271,0.057358946,0.017761866,0.098541016,0.045921673,0.042368446,0.019598289
S4-ADL5.test.csv@16.out,OPPORTUNITY,0.778771808,0.015249296,0.247264772,0.425981784,0.445323473,0.927572955,0.023226352,0.936624005,0.152873108,0.04274629,0.053213933,0.019606357
S4-ADL5.test.csv@40.out,OPPORTUNITY,0.015963864,0.380859895,0.317930384,0.306128449,0.016591898,0.016501207,0.018863731,0.016072759,0.331433979,0.092982734,0.092773239,0.016335296
S4-ADL5.test.csv@42.out,OPPORTUNITY,0.018732769,0.266678457,0.270761965,0.317960563,0.017780473,0.018302288,0.019803415,0.019315967,0.211790203,0.089601229,0.094114645,0.018247412
S4-ADL5.test.csv@55.out,OPPORTUNITY,0.016454974,0.206622625,0.199962492,0.306285057,0.017195972,0.017103736,0.02064566,0.016535385,0.156857942,0.076416959,0.061111232,0.016994036
SMAPA-2_data.out,NASA_SMAP,0.04385967,0.359171885,0.758764697,0.971461022,0.009234207,0.007046656,0.567097154,0.007111841,0.831722878,0.255088292,0.098706975,0.009040605
SMAPA-8_data.out,NASA_SMAP,0.44736981,0.750183142,0.456993602,0.970038281,0.447043678,0.306925733,0.846570366,0.549228475,0.804759309,0.633087037,0.604800489,0.351720592
SMAPD-2_data.out,NASA_SMAP,0.661065216,0.747214554,0.726341391,,0.97507154,0.980719485,0.661885478,0.980717742,0.661753259,0.628316883,0.753612658,0.687303491
SMAPE-13_data.out,NASA_SMAP,0.060692493,0.297618489,0.164152708,0.29794096,0.037585011,0.036359086,0.04988625,0.043351492,0.06663976,0.052738936,0.038676289,0.041370758
SMAPE-4_data.out,NASA_SMAP,0.72562734,0.440378933,0.397731902,0.364444205,0.522304099,0.796283188,0.298330983,0.656821278,0.423804253,0.37669027,0.346169884,0.330266399
SMAPE-8_data.out,NASA_SMAP,0.583630094,0.056634291,0.394689913,0.359748538,0.476816538,0.588448148,0.380004382,0.583947029,0.359773988,0.168813113,0.113556785,0.05456471
SMAPF-4_data.out,NASA_MSL,0.095877371,0.016798189,0.048274098,0.014267946,0.081864628,0.089214159,0.063970327,0.044845724,0.048496914,0.036272329,0.038522691,0.096317987
SMAPG-7_data.out,NASA_SMAP,0.948954067,0.016691579,0.030566558,0.946992008,0.515900091,0.931733299,0.945409023,0.793838208,0.118499245,0.402568672,0.430618056,0.893021574
SMAPM-5_data.out,NASA_MSL,0.127775032,0.159183704,0.534155676,0.465921591,0.253559093,0.549743212,0.072519644,0.094885446,0.130887311,0.120082031,0.089501384,0.104266494
SMAPM-6_data.out,NASA_MSL,0.67539431,0.248759212,0.374808211,,0.938213721,0.918317192,0.121434186,0.921079158,0.126063348,0.16302464,0.162470122,0.712003343
SMAPM-7_data.out,NASA_MSL,0.986665952,0.023433875,0.025188004,,0.452065759,0.974048465,0.677338322,0.979348129,0.827087496,0.780347045,0.674202318,0.964570957
SMAPP-15_data.out,NASA_MSL,0.903947904,0.003677758,0.006126518,0.004360413,0.010174396,0.006947223,0.051312648,0.008728688,0.021826457,0.030140111,0.033062525,0.661904762
SMAPP-1_data.out,NASA_SMAP,0.066058763,0.068589519,0.091992495,0.093191734,0.071152751,0.182065498,0.368737074,0.073342353,0.335306994,0.113324322,0.105387307,0.083089701
SMAPP-4_data.out,NASA_SMAP,0.54442938,0.54442938,0.451927741,0.550657793,0.54442938,0.54442938,0.52846312,0.54442938,0.52846312,0.599779082,0.545493797,0.968755025
SMAPS-1_data.out,NASA_SMAP,0.763478668,0.635345206,0.535171736,0.302423154,0.454908127,0.774507876,0.210053044,0.772067633,0.2419591,0.055305413,0.062780605,0.350807764
YahooA3Benchmark-TS22_data.out,YAHOO,0.002134434,0.035244907,0.041849002,0.75,0.001923387,0.001665421,0.002349637,0.001687703,0.020915072,1.0,1.0,0.139361359
YahooA3Benchmark-TS23_data.out,YAHOO,0.01876883,0.111731671,0.04582282,0.202520827,0.756178903,0.060033243,0.008390517,0.046397715,0.018216313,0.935009565,0.701343664,0.120665021
YahooA3Benchmark-TS24_data.out,YAHOO,0.03583537,0.068204727,0.23739104,0.237958309,0.374689443,0.019099587,0.004978247,0.033942748,0.105298802,1.0,0.71297578,0.153939036
YahooA3Benchmark-TS2_data.out,YAHOO,0.008254344,0.039610583,0.029371034,0.279804347,0.181358128,0.007397421,0.018872029,0.007188006,0.068471091,1.0,0.261262284,0.077135776
YahooA3Benchmark-TS39_data.out,YAHOO,0.0112962,0.011593278,0.044672992,0.215025181,0.099175513,0.00884973,0.005057663,0.009520995,0.030005481,0.99332265,0.472599954,0.06804177
YahooA3Benchmark-TS3_data.out,YAHOO,0.009288577,0.034186045,0.038802502,0.275225111,0.00256763,0.004403921,0.004296312,0.004260661,0.091853466,1.0,0.492254641,0.110670642
YahooA3Benchmark-TS50_data.out,YAHOO,0.020541843,0.104224514,0.128863192,0.202157591,0.150520779,0.078979574,0.006057897,0.104527503,0.24264019,0.859589912,0.014107029,0.116855449
YahooA3Benchmark-TS5_data.out,YAHOO,0.002437461,0.51939946,0.055555556,0.6125,0.000879756,0.00126946,0.000601145,0.00129774,0.036170529,1.0,0.064016897,0.2875
YahooA3Benchmark-TS64_data.out,YAHOO,0.029053692,0.031405397,0.037136217,0.458627771,1.0,0.087222461,0.018914961,0.042484098,0.056650708,1.0,0.286760839,0.102914072
YahooA3Benchmark-TS66_data.out,YAHOO,0.055555556,0.25,0.041666667,1.0,1.0,0.005434783,0.000305623,1.0,0.041666667,1.0,1.0,0.525
YahooA3Benchmark-TS67_data.out,YAHOO,0.014373141,0.064011889,0.11449437,0.233529267,0.039165578,0.010626725,0.007835778,0.010264038,0.030649801,1.0,0.698585373,0.11600592
YahooA3Benchmark-TS68_data.out,YAHOO,0.009306499,0.149256241,0.072232769,0.157674752,0.359209456,0.007963031,0.020759941,0.008796286,0.036580282,1.0,0.168315504,0.104483641
YahooA3Benchmark-TS71_data.out,YAHOO,0.014038715,0.027940464,0.035609676,0.224617194,0.13507964,0.011179547,0.008358135,0.011779696,0.026458696,0.938383665,0.109761196,0.10326405
YahooA3Benchmark-TS80_data.out,YAHOO,0.01234714,0.094515706,0.06398942,0.191191985,0.006296065,0.010242562,0.01395433,0.00942049,0.021028036,0.973537147,0.869249017,0.116320701
YahooA3Benchmark-TS83_data.out,YAHOO,0.008634062,0.13520947,0.04866011,0.207921719,0.658326648,0.009598912,0.00471968,0.013662748,0.073602739,1.0,0.749070478,0.079275135
YahooA3Benchmark-TS87_data.out,YAHOO,0.157682403,0.061444257,0.060615292,0.266120659,0.297574238,0.030433713,0.003411553,0.062921627,0.020930239,1.0,0.534728469,0.08513896
YahooA4Benchmark-TS22_data.out,YAHOO,0.005095809,0.010967058,0.033203099,0.078517827,0.01259887,0.004522502,0.006407409,0.004972187,0.049521273,0.845138146,0.206742766,0.057641403
YahooA4Benchmark-TS23_data.out,YAHOO,0.002306855,0.069898393,0.050593408,0.266483965,0.023497706,0.002296569,0.003023419,0.001916958,0.083303923,1.0,0.353738482,0.145401692
YahooA4Benchmark-TS28_data.out,YAHOO,0.009460857,0.03695808,0.029258833,0.178447175,0.091789865,0.0091751,0.005311261,0.008681427,0.025166543,0.978472222,0.326355436,0.056762947
YahooA4Benchmark-TS41_data.out,YAHOO,0.007678112,0.034885591,0.03748232,0.169688997,0.10491779,0.006717756,0.005257546,0.006887957,0.056883563,1.0,0.729490432,0.012598152
YahooA4Benchmark-TS4_data.out,YAHOO,0.005040496,0.022223676,0.048905919,0.318555678,0.092162393,0.004663772,0.023115235,0.004702417,0.023396497,1.0,0.667228836,0.10032901
YahooA4Benchmark-TS51_data.out,YAHOO,0.000331565,0.001347709,0.03125,1.0,0.000659631,0.000429185,0.000298507,0.000419111,0.02,1.0,1.0,0.000806452
YahooA4Benchmark-TS52_data.out,YAHOO,0.025508256,0.04139175,0.045029204,0.302118579,0.303378379,0.007596242,0.006137531,0.019371472,0.012689809,0.971625344,0.300308611,0.06530973
YahooA4Benchmark-TS67_data.out,YAHOO,0.00847861,0.048927215,0.049644977,0.279524629,0.249506925,0.006808379,0.017167684,0.00732318,0.035106805,0.763282425,0.203242528,0.113570499
YahooA4Benchmark-TS68_data.out,YAHOO,0.00088968,0.009090909,0.026315789,1.0,0.001052632,0.00075643,0.000315457,0.000794913,0.025,1.0,0.001937984,0.508333333
YahooA4Benchmark-TS69_data.out,YAHOO,0.010678805,0.028679523,0.038808039,0.552564103,0.505102516,0.006252011,0.000750798,0.025933673,0.006900883,1.0,0.011442621,0.263649962
YahooA4Benchmark-TS6_data.out,YAHOO,0.009934113,0.053023928,0.050316565,0.257788352,0.252068059,0.084464698,0.009769641,0.019520619,0.023789781,1.0,0.263167895,0.084165438
YahooA4Benchmark-TS70_data.out,YAHOO,0.011524765,0.034789295,0.228182716,0.579473304,0.297970156,0.003466965,0.001654302,0.016752598,0.021592032,1.0,0.017307337,0.133435276
YahooA4Benchmark-TS73_data.out,YAHOO,0.003298441,0.039306978,0.045798152,0.336597437,0.540059817,0.003496896,0.003469303,0.004376997,0.063799208,1.0,0.3278663,0.14510101
YahooA4Benchmark-TS83_data.out,YAHOO,0.001277037,0.02215449,0.033689459,0.55952381,0.003026734,0.001701267,0.0009095,0.001608607,0.022936391,0.958333333,0.356662079,0.001537528
YahooA4Benchmark-TS93_data.out,YAHOO,0.005795082,0.017181079,0.03495803,0.257648287,0.190309605,0.004426231,0.004360414,0.00598062,0.049964325,1.0,0.180551296,0.099699343
YahooA4Benchmark-TS94_data.out,YAHOO,0.007492667,0.016132098,0.027590906,0.08043335,0.03410357,0.007931571,0.00972878,0.008079501,0.029922943,0.582245257,0.223654286,0.006399172
YahooA4Benchmark-TS9_data.out,YAHOO,0.000791139,0.005102041,0.001519757,0.002487562,0.00462963,0.000792393,0.000440917,0.000540541,0.001557632,0.038461538,0.001041667,0.000863558
Yahoo_A1real_21_data.out,YAHOO,0.292992239,0.068542367,0.010788957,0.192813425,1.0,0.505026279,0.065324752,0.089404291,0.14771598,0.390455241,0.006527844,0.561066127
Yahoo_A1real_22_data.out,YAHOO,0.999750016,0.144138944,0.061193333,0.053314458,0.968745247,1.0,0.041859442,0.999875992,0.036423036,0.080103941,0.101355438,0.920782265
Yahoo_A1real_23_data.out,YAHOO,0.19670587,0.151804183,0.007507383,0.007293066,1.0,0.195763014,0.093604965,0.190763572,0.017416776,0.230528328,0.184549161,0.368164628
Yahoo_A1real_24_data.out,YAHOO,0.884004061,0.920089212,0.025835915,0.051573184,1.0,0.889626638,0.420154679,0.91745141,0.087637786,0.185838127,0.091426761,0.7765625
Yahoo_A1real_33_data.out,YAHOO,0.016666667,0.583333333,0.00069735,0.005263158,1.0,0.001340483,0.058823529,0.583333333,0.000874126,0.500605849,0.500524759,0.555555556
Yahoo_A1real_36_data.out,YAHOO,0.340731856,0.507359957,0.045242916,0.060950185,1.0,0.05641757,0.082880872,0.53532967,0.084918462,0.212072131,0.015229649,0.5125
Yahoo_A1real_37_data.out,YAHOO,0.897076895,0.02489055,0.171118215,0.121997407,0.108685377,0.840837601,0.711160348,0.844358137,0.587483628,0.082622572,0.354271483,0.307434404
Yahoo_A1real_38_data.out,YAHOO,0.03099296,0.059149941,0.064809496,0.249542125,0.341695866,0.011481228,0.003320162,0.01928343,0.148245676,0.140411108,0.122363035,0.028057879
Yahoo_A1real_48_data.out,YAHOO,0.037115584,0.130185716,0.009378989,0.010981918,0.018204997,0.020548157,0.024230677,0.031713538,0.010640558,0.010957268,0.015277421,0.1
Yahoo_A1real_56_data.out,YAHOO,0.015598845,0.042435113,0.049814802,0.261897539,0.361401089,0.008209763,0.010155469,0.015312986,0.060634229,0.501005255,0.279981868,0.122083333
Yahoo_A1real_7_data.out,YAHOO,0.224360287,0.267321397,0.026678787,0.037222803,0.101539444,0.08855677,0.174742977,0.056962105,0.063273046,0.270249209,0.219856473,0.303836224
Yahoo_A2synthetic_17_data.out,YAHOO,0.015919943,0.029549494,0.040980873,0.320924562,0.66933962,0.005422922,0.004603069,0.040373787,0.005259768,1.0,0.442925131,0.060833333
Yahoo_A2synthetic_21_data.out,YAHOO,0.75,1.0,0.020833333,0.000814332,1.0,0.75,0.500352113,1.0,0.500352113,0.035714286,0.000352113,0.525
Yahoo_A2synthetic_28_data.out,YAHOO,0.001700232,0.001430615,0.004645749,0.001734787,1.0,0.002241335,0.671031746,0.001588632,0.006239214,0.958333333,1.0,0.325
Yahoo_A2synthetic_31_data.out,YAHOO,0.001887764,0.011932856,0.015485985,0.015513377,1.0,0.001735419,0.002436096,0.002242593,0.002830565,1.0,0.281879579,0.304166667
Yahoo_A2synthetic_32_data.out,YAHOO,0.004794737,0.209437536,0.039072177,0.287945388,0.455943544,0.004053543,0.005152081,0.003905806,0.008111608,1.0,1.0,0.077083333
Yahoo_A2synthetic_33_data.out,YAHOO,0.000414938,0.008064516,0.007042254,0.002659574,0.125,0.000419111,0.000407166,0.000601685,0.000386698,1.0,1.0,0.000543478
Yahoo_A2synthetic_39_data.out,YAHOO,0.000535332,0.006329114,0.545454545,0.75,1.0,0.00038432,0.001022495,0.000537057,0.027777778,1.0,1.0,0.0125
Yahoo_A2synthetic_49_data.out,YAHOO,1.0,1.0,0.00141044,0.166025641,1.0,1.0,0.501408451,1.0,0.501408451,0.099125849,0.50142365,0.325
Yahoo_A2synthetic_4_data.out,YAHOO,0.001524145,0.012719404,0.011906055,0.538182165,0.00227917,0.001563878,0.002388964,0.001519635,0.017932399,0.004636337,1.0,0.003286052
Yahoo_A2synthetic_51_data.out,YAHOO,0.000404204,0.083333333,0.006849315,0.001204819,1.0,0.000534188,0.008333333,0.0005,0.007936508,1.0,1.0,0.525
Yahoo_A2synthetic_57_data.out,YAHOO,0.000564334,0.001908397,0.003571429,0.001492537,1.0,0.000422297,0.000596659,0.000451671,0.000374532,1.0,0.009090909,0.525
Yahoo_A2synthetic_5_data.out,YAHOO,0.019703962,0.149401829,0.032223265,0.25788362,0.704861111,0.050397838,0.004430124,0.203008519,0.013093416,1.0,0.836362714,0.017065772
Yahoo_A2synthetic_68_data.out,YAHOO,0.006125498,0.06484475,0.087916937,0.239098767,0.340016632,0.004133373,0.004266351,0.009852669,0.005087828,1.0,0.684017128,0.01666292
Yahoo_A2synthetic_6_data.out,YAHOO,0.000548847,0.005555556,0.008474576,1.0,0.015625,0.000491159,0.000529661,0.000548847,0.000922509,1.0,0.00209205,0.000555556
Yahoo_A2synthetic_71_data.out,YAHOO,0.003884121,0.032583195,0.023304609,0.026533127,1.0,0.004096754,0.004568287,0.003926089,0.004428413,1.0,0.10781565,0.291666667
Yahoo_A2synthetic_73_data.out,YAHOO,0.001597505,0.015635467,0.015491354,0.43010338,1.0,0.001767497,0.001702304,0.002256362,0.018422583,1.0,0.620273109,0.304166667
Yahoo_A2synthetic_75_data.out,YAHOO,0.000533049,0.005208333,0.009803922,0.001362398,1.0,0.000640205,0.00041806,0.000601685,0.000356379,1.0,1.0,0.000555556
Yahoo_A2synthetic_85_data.out,YAHOO,0.002756653,0.010848236,0.002087683,0.010208814,1.0,0.001762978,0.00262846,0.001607988,0.001636151,1.0,0.132241379,0.325
Yahoo_A2synthetic_88_data.out,YAHOO,0.001577885,0.036554145,0.016391258,0.533471718,1.0,0.001704694,0.003604931,0.001703992,0.013796202,1.0,1.0,0.325
Yahoo_A2synthetic_8_data.out,YAHOO,0.12853488,0.022554899,0.032427032,0.024400076,0.005072881,0.018801598,0.004445524,0.003335149,0.006230031,0.006124431,0.003302513,0.077083333
Yahoo_A2synthetic_93_data.out,YAHOO,0.1,1.0,0.000465116,0.001106195,1.0,1.0,0.500352113,1.0,0.500352113,0.0625,0.000352113,0.525
Yahoo_A2synthetic_97_data.out,YAHOO,0.002730023,0.017336151,0.001904011,0.545284347,1.0,0.002338646,0.021212482,0.00241851,0.020316253,1.0,1.0,0.325
Yahoo_A2synthetic_98_data.out,YAHOO,1.0,1.0,0.003172773,0.08269147,1.0,1.0,0.503169014,0.009186524,0.503169014,0.027376649,0.669229029,0.291666667
Yahoo_A2synthetic_9_data.out,YAHOO,0.000615764,0.005882353,0.00617284,0.666666667,1.0,0.000653595,0.00117096,0.000452489,0.000506586,1.0,1.0,0.525
genesis-anomalies.test.csv@3.out,Genesis,0.002511787,0.001541402,0.035062725,0.223896818,0.216297133,0.002368771,0.001995086,0.114310651,0.0019295,0.024841052,0.011577924,0.486637523
machine-1-1.test.csv@19.out,SMD,0.412336888,0.09028242,0.062964994,0.060643456,0.358808655,0.341188942,0.138622112,0.393648478,0.148545508,0.079213207,0.083720035,0.260213923
machine-1-1.test.csv@28.out,SMD,0.397818742,0.080649454,0.067382438,0.073146097,0.358279367,0.34813277,0.137213755,0.399740383,0.176336128,0.107257942,0.102772779,0.268005973
machine-1-2.test.csv@15.out,SMD,0.066194465,0.056490047,0.027310768,0.028416785,0.054513491,0.048018809,0.035545492,0.048424035,0.024782624,0.02399333,0.021247129,0.048607278
machine-1-2.test.csv@7.out,SMD,0.141222548,0.040291836,0.049955612,0.036362652,0.134669726,0.137333358,0.012937283,0.139408961,0.047686599,0.034702368,0.030667845,0.157045329
machine-1-5.test.csv@23.out,SMD,0.018790876,0.006793523,0.191257897,0.016053038,0.022315877,0.009498701,0.004094743,0.013540657,0.006517441,0.010197358,0.01248324,0.052518471
machine-1-5.test.csv@24.out,SMD,0.310454735,0.045345098,0.002165287,0.002141326,0.223784335,0.065035669,0.051956671,0.484716436,0.013500441,0.033146714,0.055234574,0.474972772
machine-1-5.test.csv@26.out,SMD,0.271055046,0.043453915,0.00216449,0.002156699,0.238193082,0.065136529,0.043740265,0.491669834,0.009291487,0.045682148,0.049346697,0.475111478
machine-1-5.test.csv@32.out,SMD,0.366834645,0.00210926,0.00210926,0.00306592,0.222515933,0.276266314,0.002974326,0.516615569,0.005367568,0.004711919,0.004802427,0.482381408
machine-1-6.test.csv@16.out,SMD,0.826576968,0.30188342,0.157592878,0.140878537,0.70310791,0.752079944,0.154937444,0.75032477,0.147583952,0.180787889,0.212562442,0.891948751
machine-1-6.test.csv@6.out,SMD,0.610038135,0.67457057,0.761050012,0.758447721,0.435523882,0.642787996,0.129734936,0.610747068,0.165268368,0.355274792,0.384612844,0.336363895
machine-1-8.test.csv@11.out,SMD,0.100858734,0.262486327,0.219016666,0.288895371,0.098067783,0.082573009,0.041502519,0.194981486,0.070529638,0.049193713,0.04012053,0.227367828
machine-2-2.test.csv@11.out,SMD,0.308132704,0.067127691,0.059770454,0.30058567,0.193337582,0.441546391,0.15835465,0.4668226,0.176152143,0.162263184,0.177739755,0.410608099
machine-2-3.test.csv@19.out,SMD,0.114206134,0.344073547,0.007052427,0.006125348,0.089829626,0.041964144,0.105724502,0.234451872,0.015961714,0.016010463,0.026125801,0.306147208
machine-2-3.test.csv@23.out,SMD,0.515908717,0.147655633,0.005958104,0.005845421,0.271408192,0.216467948,0.323721727,0.573346297,0.056202558,0.037646644,0.076881725,0.587098634
machine-2-3.test.csv@31.out,SMD,0.694594785,0.109825751,0.006790349,0.006436147,0.417339522,0.602463336,0.133369394,0.747284771,0.022594718,0.020181916,0.026405011,0.49945932
machine-2-3.test.csv@4.out,SMD,0.336702268,0.013379557,0.005991364,0.005966135,0.428889272,0.345776782,0.038736192,0.30157706,0.023531701,0.031425259,0.029512466,0.461133678
machine-2-4.test.csv@10.out,SMD,0.72217928,0.116756759,0.056532833,0.620196496,0.558145372,0.710134003,0.64154938,0.71274271,0.527370796,0.452983706,0.522184134,0.81414406
machine-2-4.test.csv@15.out,SMD,0.627352306,0.205941074,0.2998844,0.195777017,0.425321926,0.566366049,0.055163523,0.535333199,0.131738206,0.087284633,0.126662189,0.500191261
machine-2-4.test.csv@20.out,SMD,0.355609796,0.110975441,0.060516689,0.086858283,0.313124907,0.257079375,0.304914193,0.425761507,0.206526315,0.132565914,0.086748445,0.264433494
machine-2-4.test.csv@9.out,SMD,0.715731351,0.036889615,0.035756501,0.19507948,0.480023332,0.365032441,0.138552243,0.250751681,0.473975349,0.121283987,0.137916134,0.368338331
machine-2-5.test.csv@1.out,SMD,0.678951793,0.491115294,0.034370474,0.0317375,0.368960812,0.244835624,0.093520442,0.601125389,0.097975744,0.075793939,0.111225724,0.635094058
machine-2-5.test.csv@14.out,SMD,0.571463855,0.549375045,0.029988663,0.047653674,0.252573445,0.522942458,0.142353028,0.216471683,0.146072668,0.086938935,0.088374446,0.372441283
machine-2-6.test.csv@20.out,SMD,0.163930412,0.347272412,0.169819738,0.243795562,0.154384503,0.0546603,0.019278462,0.033763903,0.014880925,0.036916398,0.039918557,0.366044585
machine-2-7.test.csv@19.out,SMD,0.727595289,0.01238945,0.018562574,0.021095946,0.717144256,0.747327398,0.017965625,0.653000368,0.020453441,0.019021728,0.017816072,0.464750073
machine-2-7.test.csv@2.out,SMD,0.724821165,0.019709356,0.011838096,0.01169408,0.474965955,0.425884546,0.355049686,0.449518419,0.146942473,0.033599429,0.024940576,0.433866021
machine-2-7.test.csv@21.out,SMD,0.73161955,0.013521952,0.019477072,0.024273903,0.713854593,0.737992103,0.017405101,0.651311335,0.017630638,0.018752733,0.015472818,0.467091616
machine-2-7.test.csv@23.out,SMD,0.127772316,0.016115428,0.015567453,0.015914329,0.095059513,0.524287465,0.016610178,0.235329683,0.015084128,0.027089515,0.024605509,0.040699171
machine-2-7.test.csv@25.out,SMD,0.240440784,0.019744247,0.014631397,0.016535718,0.098115659,0.319029381,0.029398274,0.286778614,0.045503425,0.022021602,0.021526456,0.059960218
machine-2-8.test.csv@10.out,SMD,0.984527421,0.296215112,0.290094094,0.686346255,0.517707169,0.747767265,0.411199162,0.840437122,0.562438868,0.022383037,0.021275603,0.691619177
machine-2-8.test.csv@12.out,SMD,0.871197416,0.354760297,0.007952587,0.008969728,0.535445482,0.881851921,0.01269508,0.74637706,0.007379142,0.008127436,0.008645479,0.201521057
machine-2-8.test.csv@16.out,SMD,0.428219853,0.53095273,0.280280682,0.276476662,0.256009978,0.225641152,0.191710187,0.307901265,0.098272916,0.227732046,0.096228285,0.979663367
machine-2-8.test.csv@20.out,SMD,0.081439645,0.675012294,0.727486475,0.731643091,0.015027985,0.011493797,0.00366953,0.014348114,0.005071063,0.245107281,0.072926207,0.873985776
machine-2-8.test.csv@30.out,SMD,0.818642241,0.01608617,0.003711823,0.021541524,0.712354777,0.793338849,0.006176315,0.938310104,0.061374972,0.018907568,0.015595083,0.765402584
machine-2-9.test.csv@24.out,SMD,0.311690133,0.12851938,0.047924862,0.051141496,0.380708054,0.258536084,0.070612999,0.345510419,0.089659668,0.04911701,0.052222023,0.133998009
machine-2-9.test.csv@9.out,SMD,0.652683891,0.202022022,0.051473809,0.05072927,0.467600667,0.466236426,0.088571387,0.597605245,0.093561157,0.065746551,0.05798834,0.492465303
machine-3-1.test.csv@30.out,SMD,0.051412716,0.011340723,0.011350528,0.045179399,0.019262251,0.005366041,0.04710742,0.046724633,0.043278664,0.029993979,0.033118704,0.023718102
machine-3-10.test.csv@21.out,SMD,0.772102462,0.096264497,0.027150664,0.069375793,0.376456426,0.761685393,0.551989219,0.628477647,0.163297945,0.178674916,0.562683834,0.758404011
machine-3-11.test.csv@12.out,SMD,0.741029906,0.307945459,0.00379233,0.003678314,0.066166994,0.787388595,0.009527354,0.270779773,0.005584215,0.00872142,0.010330122,0.331010784
machine-3-11.test.csv@16.out,SMD,0.018520868,0.097827519,0.011728078,0.015238457,0.011641203,0.004125006,0.008141132,0.02019397,0.011435935,0.012730584,0.012012004,0.051546826
machine-3-11.test.csv@21.out,SMD,0.036471044,0.351158553,0.051979049,0.046898756,0.016884837,0.014880633,0.565943665,0.006454269,0.008348743,0.196070567,0.181353584,0.71867492
machine-3-11.test.csv@31.out,SMD,0.055920897,0.347487107,0.049494931,0.076201707,0.017454989,0.031798349,0.399621103,0.006503453,0.007783353,0.152027795,0.120623386,0.734620515
machine-3-11.test.csv@32.out,SMD,0.673690383,0.423487383,0.003506477,0.039021746,0.468320919,0.791264239,0.798239658,0.791936879,0.669226156,0.256723031,0.559265279,0.74940576
machine-3-2.test.csv@11.out,SMD,0.178189538,0.130625684,0.035278608,0.034992154,0.066961819,0.0374236,0.038202398,0.122058732,0.035320226,0.036832057,0.033706445,0.120975134
machine-3-3.test.csv@38.out,SMD,0.125290135,0.178789992,0.096064117,0.358962827,0.032527877,0.025416521,0.105275515,0.025638277,0.110363834,0.042850784,0.035332055,0.159805734
machine-3-5.test.csv@7.out,SMD,0.298938385,0.030282583,0.022941559,0.010736419,0.178529453,0.30901218,0.198889162,0.26964534,0.1925664,0.025277091,0.018641917,0.428739185
machine-3-6.test.csv@20.out,SMD,0.189287337,0.200285277,0.083720633,0.090590209,0.125625766,0.072762472,0.033540979,0.136039426,0.025502184,0.083369871,0.08044508,0.150801158
machine-3-6.test.csv@31.out,SMD,0.266958259,0.215751153,0.085885443,0.058890095,0.129928557,0.081520261,0.033146173,0.132034978,0.02939022,0.082657898,0.091136564,0.152362497
machine-3-7.test.csv@30.out,SMD,0.174420166,0.532189902,0.007559922,0.020800866,0.414579831,0.391905482,0.008751708,0.395196083,0.008570121,0.01115341,0.011701467,0.35605594
machine-3-7.test.csv@6.out,SMD,0.563515635,0.092714626,0.011608801,0.01438961,0.47650317,0.348202089,0.233618707,0.499142098,0.031097218,0.017362662,0.015897345,0.476330243
machine-3-7.test.csv@7.out,SMD,0.235863619,0.064267444,0.011569176,0.012033378,0.132465345,0.251094389,0.181526748,0.393239227,0.02824543,0.022020608,0.014353181,0.494176982
machine-3-8.test.csv@19.out,SMD,0.519092187,0.042551073,0.068206069,0.059058043,0.480286468,0.469439097,0.04722831,0.504798025,0.050487369,0.063603198,0.0615263,0.412679204
room-occupancy-0.test.csv@2.out,Occupancy,0.708182167,0.504294136,0.326824767,0.362108016,0.577568027,0.659026591,0.537384032,0.528531744,0.559687755,0.641666716,0.570582471,0.689984685
room-occupancy.train.csv@5.out,Occupancy,0.566542483,0.222078857,0.153917239,0.14099124,0.493017324,0.453007905,0.467904478,0.397060215,0.359667729,0.437039117,0.347096032,0.722739829
stb-10.test.out,SensorScope,0.269124284,0.245363435,0.207096475,0.22886551,0.264526178,0.280177928,0.258664591,0.262200405,0.220149846,0.21853694,0.216494825,0.251988057
stb-25.test.out,SensorScope,0.214300783,0.51224235,0.108160903,0.393196384,0.201415442,0.206852891,0.267914137,0.209218031,0.270642321,0.248535653,0.2200329,0.256633416
stb-4.test.out,SensorScope,0.239254277,0.107346401,0.243885666,0.269715424,0.272424482,0.301325747,0.316387134,0.244291163,0.330786341,0.324024127,0.311251911,0.281614311
stb-5.test.out,SensorScope,0.305996104,0.100105017,0.190547951,0.187751363,0.326768232,0.190290756,0.278925305,0.276654136,0.259367935,0.288157135,0.295740345,0.297139625
